{"stats":{"minecraft:crafted":{"minecraft:redstone":9,"minecraft:crafting_table":2,"minecraft:spruce_planks":84,"sophisticatedbackpacks:gold_backpack":1,"woodworks:spruce_chest":1,"minecraft:stick":4,"minecraft:wooden_axe":1},"minecraft:killed":{"minecraft:pig":2,"minecraft:sheep":1,"minecraft:skeleton":2,"minecraft:pillager":1,"minecraft:zombie":1,"whisperwoods:moth":1,"minecraft:cow":1},"minecraft:mined":{"minecraft:spruce_planks":1,"minecraft:redstone_block":1,"undead_unleashed:grave_soil":1,"minecraft:coal_block":7,"minecraft:tall_grass":1,"minecraft:spruce_leaves":6,"minecraft:spawner":4,"minecraft:light_blue_bed":1,"minecraft:furnace":1,"minecraft:spruce_log":21,"minecraft:fern":1},"minecraft:used":{"minecraft:spruce_planks":4,"strictly_origins:damaged_durendal":100,"minecraft:golden_apple":5,"minecraft:crafting_table":1,"undead_unleashed:grave_metal_axe":48,"minecraft:chiseled_quartz_block":1,"minecraft:wooden_axe":24,"minecraft:iron_pickaxe":15,"minecraft:wooden_sword":4,"minecraft:bow":1,"minecraft:written_book":1,"alexsmobs:animal_dictionary":1},"minecraft:picked_up":{"iter_rpg:spawner_fragment":2,"minecraft:charcoal":3,"minecraft:redstone_block":1,"minecraft:tripwire_hook":1,"minecraft:leather":6,"minecraft:lead":1,"minecraft:chiseled_quartz_block":1,"majruszsdifficulty:tattered_helmet":1,"enigmaticlegacy:tattered_tome":1,"minecraft:wither_skeleton_skull":1,"minecraft:string":12,"minecraft:bone":7,"minecraft:apple":5,"minecraft:iron_ingot":3,"minecraft:beef":1,"minecraft:coal_block":7,"twigs:twig":2,"farmersdelight:ratatouille":1,"minecraft:furnace":1,"quark:light_gray_shard":9,"forbidden_arcanus:tentacle":1,"minecraft:porkchop":3,"undead_unleashed:grave_metal_scrap":19,"minecraft:spruce_log":21,"minecraft:light_blue_bed":1,"minecraft:bundle":1,"minecraft:rotten_flesh":2,"minecraft:arrow":11,"apotheosis:improved_scrap_tome":3,"minecraft:golden_apple":2,"undead_unleashed:grave_metal_axe":1,"minecraft:gold_ingot":42,"minecraft:emerald":2,"minecraft:mutton":2,"forbidden_arcanus:spawner_scrap":4},"minecraft:broken":{"immersive_armors:wooden_leggings":1,"strictly_origins:damaged_durendal":1,"immersive_armors:wooden_boots":1},"minecraft:custom":{"enigmaticlegacy:play_time_with_seven_curses":0,"lootr:looted_stat":16,"minecraft:interact_with_furnace":1,"minecraft:mob_kills":9,"enigmaticlegacy:play_time_without_seven_curses":70184,"minecraft:interact_with_crafting_table":12,"minecraft:damage_dealt_resisted":0,"minecraft:time_since_death":6053,"minecraft:sleep_in_bed":1,"minecraft:climb_one_cm":8169,"minecraft:damage_resisted":0,"minecraft:time_since_rest":6084,"minecraft:sprint_one_cm":54871,"minecraft:walk_one_cm":232353,"minecraft:damage_taken":4548,"minecraft:damage_absorbed":116,"minecraft:drop":19,"minecraft:damage_dealt":7631,"minecraft:swim_one_cm":2134,"minecraft:fly_one_cm":61996,"minecraft:crouch_one_cm":5838,"minecraft:play_time":70488,"minecraft:deaths":9,"minecraft:sneak_time":1060,"minecraft:walk_under_water_one_cm":4809,"minecraft:boat_one_cm":15009,"minecraft:jump":380,"minecraft:walk_on_water_one_cm":8934,"minecraft:total_world_time":70488,"minecraft:fall_one_cm":4828,"minecraft:inspect_dispenser":2},"minecraft:killed_by":{"minecraft:player":7,"minecraft:skeleton":2},"minecraft:dropped":{"minecraft:iron_ingot":11,"minecolonies:supplycampdeployer":1,"majruszsdifficulty:tattered_helmet":1,"enigmaticlegacy:tattered_tome":1,"minecraft:leather":8,"minecraft:golden_apple":1,"minecraft:bundle":1,"minecraft:torch":7,"minecraft:spruce_planks":14,"minecraft:charcoal":3,"farmersdelight:bacon_and_eggs":16,"minecraft:wooden_sword":1,"farmersdelight:ratatouille":17,"immersive_armors:wooden_chestplate":1,"minecraft:string":16,"minecraft:tripwire_hook":1,"minecraft:gold_ingot":12,"twigs:twig":2}},"DataVersion":3120}