{"stats":{"minecraft:crafted":{"minecraft:redstone":9,"minecraft:crafting_table":2,"minecraft:spruce_planks":84,"sophisticatedbackpacks:gold_backpack":1,"woodworks:spruce_chest":1,"minecraft:stick":4,"minecraft:wooden_axe":1},"minecraft:killed":{"minecraft:pig":2,"minecraft:vindicator":1,"irons_spellbooks:necromancer":1,"minecraft:phantom":1,"minecraft:sheep":1,"minecraft:skeleton":6,"minecraft:pillager":1,"minecraft:zombie":6,"undead_unleashed:haunter":1,"whisperwoods:moth":1,"minecraft:cow":1},"minecraft:mined":{"minecraft:spruce_planks":3,"minecraft:redstone_block":1,"minecraft:mossy_cobblestone":1,"minecraft:torch":1,"minecraft:spruce_fence":1,"undead_unleashed:grave_soil":1,"minecraft:coal_block":7,"minecraft:tall_grass":1,"minecraft:spruce_leaves":6,"minecraft:sandstone":7,"minecraft:spawner":5,"minecraft:light_blue_bed":1,"minecraft:furnace":1,"minecraft:cobblestone_wall":1,"minecraft:fire":3,"minecraft:spruce_log":21,"minecraft:stone_brick_stairs":4,"minecraft:smooth_stone_slab":1,"minecraft:iron_bars":2,"minecraft:cracked_stone_bricks":2,"minecraft:stone_bricks":4,"minecraft:stone":1,"minecraft:netherrack":2,"minecraft:mossy_stone_bricks":3,"minecraft:fern":1},"minecraft:used":{"minecraft:trident":5,"minecraft:spruce_planks":12,"minecraft:iron_sword":106,"strictly_origins:damaged_durendal":100,"minecraft:golden_apple":17,"minecraft:crafting_table":1,"undead_unleashed:grave_metal_axe":48,"minecraft:chiseled_quartz_block":1,"relics:horse_flute":1,"minecraft:wooden_axe":24,"minecraft:iron_pickaxe":51,"minecraft:wooden_sword":4,"minecraft:bow":62,"minecraft:written_book":1,"alexsmobs:animal_dictionary":1},"minecraft:picked_up":{"iter_rpg:spawner_fragment":2,"irons_spellbooks:scroll":1,"minecraft:charcoal":3,"minecraft:redstone_block":1,"minecraft:tripwire_hook":1,"minecraft:leather":6,"minecraft:lead":1,"minecraft:chiseled_quartz_block":1,"majruszsdifficulty:tattered_helmet":1,"minecraft:enchanted_book":1,"minecraft:potion":1,"enigmaticlegacy:tattered_tome":1,"minecraft:stone_brick_stairs":3,"minecraft:cobblestone_wall":1,"minecraft:wither_skeleton_skull":1,"minecraft:string":12,"minecraft:smooth_stone_slab":1,"minecraft:netherite_scrap":1,"minecraft:experience_bottle":1,"minecraft:bone":17,"minecraft:apple":16,"irons_spellbooks:arcane_essence":4,"undead_unleashed:grave_metal_sword":1,"minecraft:iron_ingot":32,"minecraft:beef":1,"apotheosis:gem_dust":2,"minecraft:coal_block":7,"twigs:twig":2,"farmersdelight:ratatouille":1,"minecraft:piston":8,"minecraft:furnace":1,"quark:light_gray_shard":9,"minecraft:sandstone":3,"forbidden_arcanus:tentacle":1,"minecraft:sand":9,"minecraft:porkchop":3,"undead_unleashed:grave_metal_scrap":26,"minecraft:carrot":23,"minecraft:trident":1,"minecraft:spruce_log":21,"minecraft:light_blue_bed":1,"minecraft:bundle":1,"minecraft:rotten_flesh":9,"minecraft:arrow":33,"apotheosis:improved_scrap_tome":3,"minecraft:golden_apple":2,"undead_unleashed:grave_metal_axe":1,"minecraft:gold_ingot":47,"minecraft:emerald":2,"minecraft:iron_bars":2,"twigs:tangerine_seashell":1,"minecraft:mutton":2,"forbidden_arcanus:spawner_scrap":5},"minecraft:broken":{"immersive_armors:wooden_leggings":1,"strictly_origins:damaged_durendal":1,"immersive_armors:wooden_boots":1},"minecraft:custom":{"enigmaticlegacy:play_time_with_seven_curses":0,"lootr:looted_stat":26,"minecraft:interact_with_furnace":1,"minecraft:mob_kills":17,"enigmaticlegacy:play_time_without_seven_curses":105988,"minecraft:interact_with_crafting_table":12,"minecraft:damage_dealt_resisted":95,"minecraft:time_since_death":10209,"minecraft:sleep_in_bed":1,"minecraft:climb_one_cm":9243,"minecraft:damage_resisted":0,"minecraft:time_since_rest":10241,"minecraft:sprint_one_cm":90788,"minecraft:walk_one_cm":394048,"minecraft:damage_taken":9104,"minecraft:damage_absorbed":529,"minecraft:drop":32,"minecraft:damage_dealt":17069,"minecraft:swim_one_cm":2134,"minecraft:talked_to_villager":2,"minecraft:fly_one_cm":141837,"minecraft:crouch_one_cm":8351,"minecraft:play_time":106488,"minecraft:deaths":15,"minecraft:sneak_time":2823,"minecraft:walk_under_water_one_cm":14090,"minecraft:boat_one_cm":15009,"minecraft:jump":726,"minecraft:walk_on_water_one_cm":21908,"minecraft:total_world_time":106488,"minecraft:fall_one_cm":10113,"minecraft:inspect_dispenser":2},"minecraft:killed_by":{"minecraft:player":8,"minecraft:skeleton":6,"minecraft:phantom":1},"minecraft:dropped":{"minecraft:iron_ingot":11,"minecraft:piston":8,"minecolonies:supplycampdeployer":1,"forbidden_arcanus:tentacle":1,"minecraft:rotten_flesh":7,"majruszsdifficulty:tattered_helmet":1,"enigmaticlegacy:tattered_tome":1,"minecraft:leather":8,"undead_unleashed:grave_metal_scrap":23,"minecraft:golden_apple":1,"twigs:tangerine_seashell":1,"minecraft:turtle_helmet":1,"quark:light_gray_shard":9,"minecraft:bundle":2,"minecraft:torch":7,"minecraft:spruce_planks":14,"minecraft:charcoal":3,"minecraft:chainmail_boots":1,"farmersdelight:bacon_and_eggs":16,"minecraft:iron_leggings":1,"minecraft:pumpkin_pie":12,"minecraft:wooden_sword":1,"minecraft:sand":9,"farmersdelight:ratatouille":17,"immersive_armors:wooden_chestplate":1,"minecraft:string":16,"minecraft:tripwire_hook":1,"minecraft:gold_ingot":12,"twigs:twig":2}},"DataVersion":3120}