{"stats":{"minecraft:crafted":{"minecraft:redstone":9,"woodworks:spruce_chest":1,"minecraft:crafting_table":2,"minecraft:spruce_planks":84,"sophisticatedbackpacks:gold_backpack":1,"minecraft:stick":4,"minecraft:wooden_axe":1},"minecraft:killed":{"minecraft:vindicator":1,"minecraft:phantom":1,"minecraft:skeleton":7,"minecraft:pig":2,"irons_spellbooks:necromancer":1,"minecraft:sheep":1,"minecraft:pillager":1,"minecraft:zombie":6,"undead_unleashed:haunter":1,"whisperwoods:moth":1,"minecraft:cow":1},"minecraft:mined":{"minecraft:spruce_planks":3,"minecraft:mossy_cobblestone":1,"minecraft:spruce_fence":1,"minecraft:coal_block":7,"minecraft:spruce_leaves":6,"minecraft:sandstone":7,"minecraft:spawner":5,"minecraft:furnace":1,"minecraft:fire":3,"minecraft:iron_bars":2,"minecraft:stone":1,"minecraft:redstone_block":1,"minecraft:quartz_block":1,"minecraft:torch":1,"undead_unleashed:grave_soil":1,"minecraft:tall_grass":1,"minecraft:light_blue_bed":1,"minecraft:cobblestone_wall":1,"minecraft:spruce_log":21,"minecraft:stone_brick_stairs":4,"minecraft:smooth_stone_slab":1,"minecraft:grass":1,"minecraft:smooth_quartz":1,"minecraft:cracked_stone_bricks":2,"minecraft:stone_bricks":5,"minecraft:netherrack":2,"minecraft:mossy_stone_bricks":3,"minecraft:fern":1},"minecraft:used":{"minecraft:trident":5,"minecraft:spruce_planks":12,"minecraft:iron_sword":112,"strictly_origins:damaged_durendal":100,"undead_unleashed:grave_metal_axe":48,"minecraft:wooden_axe":24,"minecraft:bow":62,"minecraft:written_book":1,"minecraft:water_bucket":1,"minecraft:golden_apple":18,"minecraft:crafting_table":1,"minecraft:chiseled_quartz_block":1,"relics:horse_flute":1,"minecraft:iron_pickaxe":55,"minecraft:wooden_sword":4,"minecraft:bucket":1,"alexsmobs:animal_dictionary":1},"minecraft:picked_up":{"iter_rpg:spawner_fragment":2,"irons_spellbooks:scroll":1,"minecraft:charcoal":3,"minecraft:redstone_block":1,"minecraft:lead":1,"minecraft:potion":1,"minecraft:enchanted_book":1,"enigmaticlegacy:tattered_tome":1,"minecraft:stone_brick_stairs":3,"minecraft:string":12,"minecraft:smooth_stone_slab":1,"minecraft:netherite_scrap":1,"minecraft:experience_bottle":1,"irons_spellbooks:arcane_essence":4,"minecraft:beef":1,"undead_unleashed:grave_metal_sword":1,"minecraft:coal_block":7,"farmersdelight:ratatouille":1,"minecraft:piston":8,"minecraft:furnace":1,"minecraft:sandstone":3,"forbidden_arcanus:tentacle":1,"minecraft:porkchop":3,"minecraft:trident":1,"minecraft:carrot":23,"minecraft:light_blue_bed":1,"minecraft:quartz_block":1,"minecraft:arrow":36,"minecraft:rotten_flesh":9,"minecraft:gold_ingot":47,"forbidden_arcanus:spawner_scrap":5,"minecraft:mutton":2,"twigs:tangerine_seashell":1,"minecraft:iron_bars":2,"minecraft:tripwire_hook":1,"minecraft:leather":6,"minecraft:chiseled_quartz_block":1,"majruszsdifficulty:tattered_helmet":1,"minecraft:cobblestone_wall":1,"minecraft:wither_skeleton_skull":1,"minecraft:bone":21,"minecraft:apple":16,"minecraft:stone_bricks":1,"minecraft:iron_ingot":36,"twigs:twig":2,"apotheosis:gem_dust":2,"quark:light_gray_shard":9,"minecraft:sand":9,"undead_unleashed:grave_metal_scrap":28,"minecraft:spruce_log":21,"minecraft:bundle":1,"apotheosis:improved_scrap_tome":3,"minecraft:golden_apple":2,"undead_unleashed:grave_metal_axe":1,"minecraft:emerald":2},"minecraft:broken":{"immersive_armors:wooden_leggings":1,"immersive_armors:wooden_boots":1,"strictly_origins:damaged_durendal":1},"minecraft:custom":{"enigmaticlegacy:play_time_with_seven_curses":0,"lootr:looted_stat":47,"minecraft:mob_kills":18,"minecraft:interact_with_crafting_table":12,"minecraft:damage_dealt_resisted":95,"minecraft:time_since_death":704,"minecraft:climb_one_cm":9879,"minecraft:damage_resisted":0,"minecraft:sprint_one_cm":100331,"minecraft:walk_one_cm":456464,"minecraft:drop":39,"minecraft:talked_to_villager":2,"minecraft:play_time":118488,"minecraft:deaths":16,"minecraft:sneak_time":2868,"minecraft:walk_under_water_one_cm":14090,"minecraft:boat_one_cm":15009,"minecraft:jump":829,"minecraft:walk_on_water_one_cm":22095,"minecraft:total_world_time":118488,"minecraft:interact_with_furnace":2,"enigmaticlegacy:play_time_without_seven_curses":117901,"minecraft:sleep_in_bed":1,"minecraft:time_since_rest":791,"minecraft:damage_taken":9826,"minecraft:damage_absorbed":569,"minecraft:damage_dealt":17571,"minecraft:swim_one_cm":2134,"minecraft:fly_one_cm":162171,"minecraft:open_chest":1,"minecraft:crouch_one_cm":8653,"minecraft:fall_one_cm":13637,"minecraft:inspect_dispenser":2},"minecraft:killed_by":{"minecraft:player":8,"minecraft:creeper":1,"minecraft:skeleton":6,"minecraft:phantom":1},"minecraft:dropped":{"minecraft:iron_ingot":11,"minecraft:piston":8,"minecolonies:supplycampdeployer":1,"forbidden_arcanus:tentacle":1,"majruszsdifficulty:tattered_helmet":1,"minecraft:leather":8,"undead_unleashed:grave_metal_scrap":28,"minecraft:golden_apple":1,"quark:light_gray_shard":9,"minecraft:torch":7,"minecraft:iron_leggings":1,"irons_spellbooks:arcane_essence":6,"minecraft:wooden_sword":1,"minecraft:pumpkin_pie":12,"minecraft:sand":9,"immersive_armors:wooden_chestplate":1,"minecraft:string":16,"minecraft:tripwire_hook":1,"twigs:twig":2,"minecraft:gold_ingot":12,"minecraft:redstone":5,"minecraft:smooth_stone_slab":1,"minecraft:rotten_flesh":7,"enigmaticlegacy:tattered_tome":1,"twigs:tangerine_seashell":1,"minecraft:turtle_helmet":1,"minecraft:spruce_planks":14,"minecraft:bundle":2,"minecraft:charcoal":3,"minecraft:quartz_block":1,"minecraft:chainmail_boots":1,"farmersdelight:bacon_and_eggs":16,"minecraft:stone_bricks":1,"minecraft:iron_bars":2,"farmersdelight:ratatouille":17}},"DataVersion":3120}