{"stats":{"minecraft:picked_up":{"minecraft:shulker_shell":1,"irons_spellbooks:scroll":3,"minecraft:redstone_block":1,"undead_unleashed:cursed_cloth":1,"minecraft:lead":1,"minecraft:enchanted_book":1,"minecraft:potion":1,"minecraft:stone_brick_stairs":3,"minecraft:amethyst_block":6,"forbidden_arcanus:xpetrified_orb":3,"minecraft:string":42,"apotheosis:epic_material":1,"minecraft:smooth_stone_slab":2,"minecraft:experience_bottle":4,"minecraft:zombie_head":1,"irons_spellbooks:arcane_essence":13,"minecraft:gold_nugget":47,"minecraft:cobbled_deepslate":163,"twigs:pebble":4,"celestisynth:lunar_stone":25,"undead_unleashed:grave_metal_sword":2,"minecraft:calcite":2,"minecraft:coal_block":7,"farmersdelight:ratatouille":1,"minecraft:furnace":1,"apotheosis:gem":16,"forbidden_arcanus:tentacle":1,"minecraft:torch":5,"minecraft:porkchop":3,"minecraft:diorite":1,"minecraft:quartz_block":2,"minecraft:stone_sword":2,"minecraft:rotten_flesh":17,"aether:chainmail_gloves":1,"supplementaries:ash":9,"twigs:tangerine_seashell":1,"minecraft:iron_bars":2,"minecraft:cobblestone":35,"minecraft:leather_chestplate":5,"ars_nouveau:source_berry":20,"minecraft:chiseled_quartz_block":1,"minecraft:tuff":45,"minecraft:wither_skeleton_skull":2,"minecraft:lapis_lazuli":44,"minecraft:leather_boots":2,"minecraft:bone":59,"majruszsaccessories:miner_guide":1,"minecraft:raw_gold":101,"forbidden_arcanus:rune":3,"galosphere:raw_silver":34,"twigs:twig":2,"iter_rpg:spider_silk":1,"minecraft:sand":9,"iter_rpg:abyssquartz_block":1,"minecraft:bundle":1,"apotheosis:improved_scrap_tome":3,"minecraft:diamond":11,"iter_rpg:abyssquartz_shard":8,"minecraft:granite":9,"minecraft:golden_apple":4,"minecraft:bread":27,"minecraft:emerald":10,"twigs:rhyolite":3,"cisco_mod:brightsteel_ingot":1,"iter_rpg:spawner_fragment":3,"minecraft:charcoal":3,"byg:soapstone":6,"twigs:petrified_lichen":1,"minecraft:turtle_helmet":1,"enigmaticlegacy:tattered_tome":1,"minecraft:shield":1,"skilltree:wisdom_scroll":1,"minecraft:netherite_scrap":4,"minecraft:beef":1,"minecraft:iron_nugget":40,"minecraft:piston":8,"forbidden_arcanus:gilded_darkstone":1,"minecraft:raw_iron":104,"minecraft:sandstone":3,"minecraft:bowl":1,"minecraft:trident":1,"minecraft:carrot":23,"minecraft:redstone":9,"minecraft:light_blue_bed":1,"minecraft:prismarine_crystals":2,"minecraft:arrow":45,"minecraft:gold_ingot":68,"minecraft:mutton":2,"forbidden_arcanus:spawner_scrap":6,"minecraft:glow_ink_sac":2,"minecraft:tripwire_hook":1,"minecraft:leather":6,"majruszsdifficulty:tattered_helmet":1,"savage_and_ravage:creeper_spores":1,"minecraft:gunpowder":5,"minecraft:cobblestone_wall":1,"minecraft:apple":16,"minecraft:stone_bricks":2,"alexsmobs:cockroach_wing_fragment":2,"iter_rpg:potsherd":3,"minecraft:iron_ingot":36,"apotheosis:gem_dust":5,"minecraft:iron_sword":1,"forbidden_arcanus:darkstone":4,"minecraft:book":1,"quark:light_gray_shard":9,"minecraft:smooth_basalt":2,"minecraft:stone_brick_slab":1,"minecraft:gravel":5,"minecraft:amethyst_shard":4,"undead_unleashed:grave_metal_scrap":44,"minecraft:spruce_log":21,"quark:blue_corundum_cluster":3,"minecraft:spider_eye":4,"forbidden_arcanus:arcane_crystal":7,"undead_unleashed:grave_metal_axe":1,"minecraft:coal":24},"minecraft:mined":{"minecraft:spruce_planks":3,"minecraft:granite":10,"minecraft:budding_amethyst":1,"minecraft:coal_block":7,"minecraft:spawner":7,"minecraft:cobbled_deepslate":7,"minecraft:iron_ore":75,"minecraft:fire":5,"minecraft:deepslate_lapis_ore":4,"minecraft:iron_bars":2,"minecraft:small_amethyst_bud":3,"minecraft:deepslate_redstone_ore":1,"minecraft:quartz_block":1,"minecraft:medium_amethyst_bud":1,"minecraft:amethyst_cluster":1,"darkerdepths:dry_sprouts":3,"minecraft:torch":1,"undead_unleashed:grave_soil":1,"minecraft:calcite":2,"galosphere:silver_ore":29,"minecraft:polished_diorite_slab":2,"quark:blue_corundum_cluster":3,"minecraft:cobblestone":1,"minecraft:amethyst_block":8,"byg:soapstone":7,"forbidden_arcanus:darkstone":2,"iter_rpg:abyssquartz_block":1,"celestisynth:lunar_stone":28,"minecraft:stone_brick_stairs":4,"minecraft:smooth_stone_slab":1,"minecraft:grass":1,"minecraft:smooth_quartz":1,"minecraft:smooth_basalt":2,"twigs:rhyolite":3,"minecraft:netherrack":2,"minecraft:deepslate":169,"minecraft:diamond_ore":1,"minecraft:tuff":35,"minecraft:mossy_cobblestone":1,"minecraft:deepslate_diamond_ore":10,"minecraft:sea_lantern":5,"minecraft:spruce_fence":1,"minecraft:spruce_leaves":6,"iter_rpg:big_vase":5,"minecraft:sandstone":7,"forbidden_arcanus:deepslate_arcane_crystal_ore":7,"minecraft:furnace":1,"iter_rpg:small_vase":4,"minecraft:deepslate_iron_ore":29,"minecraft:vine":1,"minecraft:stone":31,"minecraft:redstone_block":1,"minecraft:stone_brick_slab":1,"galosphere:deepslate_silver_ore":5,"iter_rpg:vase":3,"minecraft:tall_grass":1,"minecraft:lapis_ore":4,"minecraft:deepslate_gold_ore":68,"minecraft:diorite":1,"supplementaries:urn":18,"minecraft:light_blue_bed":1,"minecraft:cobblestone_wall":1,"forbidden_arcanus:xpetrified_ore":3,"iter_rpg:abyss_quartz":5,"minecraft:spruce_log":21,"iter_rpg:spider_egg":2,"minecraft:coal_ore":24,"minecraft:gravel":5,"minecraft:cracked_stone_bricks":2,"forbidden_arcanus:gilded_darkstone":1,"minecraft:stone_bricks":5,"minecraft:mossy_stone_bricks":3,"minecraft:gold_ore":20,"forbidden_arcanus:runic_deepslate":3,"minecraft:fern":1},"minecraft:broken":{"immersive_armors:wooden_leggings":1,"minecraft:stone_axe":1,"minecraft:iron_sword":1,"cisco_mod:adventurer_helmet":1,"immersive_armors:wooden_boots":1,"aether:iron_gloves":1,"minecraft:shield":2,"strictly_origins:damaged_durendal":1,"minecraft:iron_pickaxe":1},"minecraft:used":{"minecraft:iron_shovel":4,"minecraft:shield":34,"minecraft:iron_sword":384,"strictly_origins:damaged_durendal":100,"undead_unleashed:grave_metal_axe":48,"minecraft:lava_bucket":15,"minecraft:bow":80,"minecraft:written_book":1,"minecraft:golden_apple":27,"minecraft:chiseled_quartz_block":1,"relics:horse_flute":1,"savage_and_ravage:creeper_spores":1,"forbidden_arcanus:darkstone":2,"minecraft:deepslate":2,"minecraft:wooden_sword":4,"minecraft:experience_bottle":1,"minecraft:trident":5,"minecraft:stone_sword":117,"minecraft:spruce_planks":12,"minecraft:granite":6,"minecraft:wooden_axe":24,"minecraft:smooth_basalt":2,"minecraft:golden_carrot":21,"minecraft:cobbled_deepslate":51,"minecraft:calcite":2,"minecraft:water_bucket":2,"minecraft:crafting_table":1,"minecraft:diamond_pickaxe":431,"minecraft:iron_pickaxe":253,"byg:soapstone":2,"minecraft:stone_axe":66,"minecraft:cobblestone":14,"minecraft:bucket":17,"alexsmobs:animal_dictionary":1},"minecraft:dropped":{"minecraft:iron_sword":1,"minecraft:piston":8,"minecraft:glow_ink_sac":1,"minecolonies:supplycampdeployer":1,"majruszsdifficulty:tattered_helmet":1,"minecraft:leather":10,"undead_unleashed:grave_metal_scrap":41,"twigs:pebble":4,"quark:light_gray_shard":9,"irons_spellbooks:arcane_essence":6,"minecraft:gold_nugget":3,"minecraft:wooden_sword":1,"minecraft:pumpkin_pie":12,"forbidden_arcanus:darkstone":2,"minecraft:sand":9,"immersive_armors:wooden_chestplate":1,"twigs:twig":2,"minecraft:gold_ingot":12,"minecraft:bone":11,"minecraft:iron_nugget":8,"minecraft:cobbled_deepslate":2,"minecraft:rotten_flesh":15,"enigmaticlegacy:tattered_tome":1,"iter_rpg:spawner_fragment":1,"cisco_mod:brightsteel_ingot":1,"minecraft:leather_chestplate":3,"supplementaries:ash":9,"minecraft:turtle_helmet":1,"minecraft:gunpowder":2,"minecraft:charcoal":3,"minecraft:quartz_block":2,"minecraft:chest":1,"minecraft:chainmail_boots":1,"farmersdelight:bacon_and_eggs":16,"iter_rpg:spider_silk":1,"minecraft:iron_bars":2,"farmersdelight:ratatouille":17,"minecraft:stone_brick_stairs":3,"iter_rpg:abyssquartz_block":1,"minecraft:iron_ingot":33,"minecraft:bread":27,"forbidden_arcanus:tentacle":1,"minecraft:cobblestone":4,"minecraft:book":1,"minecraft:granite":3,"minecraft:golden_apple":1,"irons_spellbooks:scroll":1,"minecraft:torch":12,"byg:soapstone":2,"forbidden_arcanus:spawner_scrap":1,"minecraft:iron_leggings":1,"minecraft:string":21,"minecraft:tripwire_hook":1,"iter_rpg:potsherd":3,"minecraft:redstone":9,"twigs:rhyolite":2,"twigs:petrified_lichen":1,"ars_nouveau:source_berry":20,"minecraft:smooth_stone_slab":2,"minecraft:deepslate":1,"minecraft:tuff":22,"majruszsaccessories:miner_guide":1,"undead_unleashed:grave_metal_sword":1,"twigs:tangerine_seashell":1,"alexsmobs:cockroach_wing_fragment":2,"aether:chainmail_gloves":1,"minecraft:spruce_planks":14,"minecraft:bundle":2,"minecraft:spider_eye":2,"minecraft:stone_bricks":2,"minecraft:sandstone":3},"minecraft:crafted":{"minecraft:crafting_table":2,"minecraft:spruce_planks":84,"minecraft:stick":4,"minecraft:iron_ingot":36,"minecraft:gold_ingot":9,"minecraft:redstone":9,"woodworks:spruce_chest":1,"sophisticatedbackpacks:gold_backpack":1,"minecraft:air":0,"minecraft:wooden_axe":1},"minecraft:killed_by":{"minecraft:creeper":1,"minecraft:vindicator":1,"majruszsdifficulty:cursed_armor":5,"enemyexpansion:invisicreeper":1,"minecraft:player":13,"enemyexpansion:trollenraged":1,"savage_and_ravage:creepie":1,"minecraft:skeleton":11,"minecraft:phantom":1},"minecraft:killed":{"minecraft:spider":5,"minecraft:skeleton":12,"majruszsdifficulty:creeperling":1,"minecraft:silverfish":3,"minecraft:pig":2,"enemyexpansion:ladybug":1,"enemyexpansion:tarantula":1,"iter_rpg:spiderling":6,"irons_spellbooks:necromancer":1,"minecraft:sheep":1,"minecraft:pillager":1,"minecraft:zombie":13,"undead_unleashed:shadewraith":2,"undead_unleashed:haunter":2,"whisperwoods:moth":1,"minecraft:cow":1,"savage_and_ravage:skeleton_villager":1,"irons_spellbooks:summoned_zombie":2,"minecraft:vindicator":1,"quark:toretoise":1,"minecraft:phantom":1,"enemyexpansion:goblin":4,"minecraft:husk":1,"enemyexpansion:sprinter":1,"majruszsdifficulty:cursed_armor":3,"alexsmobs:cockroach":1},"minecraft:custom":{"enigmaticlegacy:play_time_with_seven_curses":0,"lootr:looted_stat":56,"minecraft:interact_with_crafting_table":12,"goblintraders:trade_with_goblin":21,"minecraft:eat_cake_slice":1,"minecraft:leave_game":1,"minecraft:time_since_death":1556,"minecraft:damage_resisted":0,"minecraft:sprint_one_cm":188788,"minecraft:damage_blocked_by_shield":4590,"minecraft:drop":115,"minecraft:talked_to_villager":2,"minecraft:play_time":249956,"minecraft:deaths":36,"minecraft:jump":2493,"minecraft:walk_on_water_one_cm":71240,"minecraft:interact_with_furnace":2,"minecraft:sleep_in_bed":1,"minecraft:damage_dealt":50888,"minecraft:crouch_one_cm":16115,"minecraft:inspect_dispenser":2,"minecraft:mob_kills":57,"minecraft:damage_dealt_resisted":604,"minecraft:climb_one_cm":10312,"minecraft:walk_one_cm":1102241,"minecraft:sneak_time":5982,"minecraft:walk_under_water_one_cm":26044,"minecraft:boat_one_cm":15009,"minecraft:total_world_time":249956,"enigmaticlegacy:play_time_without_seven_curses":248067,"minecraft:time_since_rest":1581,"minecraft:damage_taken":29541,"minecraft:damage_absorbed":889,"minecraft:swim_one_cm":2837,"minecraft:fly_one_cm":296216,"minecraft:open_chest":1,"minecraft:fall_one_cm":50939}},"DataVersion":3120}