{"stats":{"minecraft:picked_up":{"minecraft:shulker_shell":1,"irons_spellbooks:scroll":5,"ars_nouveau:caster_tome":1,"minecraft:iron_chestplate":2,"minecraft:chainmail_boots":3,"minecraft:redstone_block":1,"enigmaticlegacy:corrupted_tome":1,"minecraft:flower_pot":3,"undead_unleashed:cursed_cloth":1,"minecraft:lead":1,"aether:iron_gloves":1,"minecraft:enchanted_book":3,"minecraft:potion":1,"minecraft:stone_brick_stairs":3,"minecraft:amethyst_block":6,"aether:diamond_gloves":1,"minecraft:raw_copper":8,"forbidden_arcanus:xpetrified_orb":3,"minecraft:string":146,"apotheosis:epic_material":7,"minecraft:smooth_stone_slab":2,"minecraft:red_nether_bricks":5,"minecraft:iron_leggings":3,"minecraft:experience_bottle":7,"minecraft:zombie_head":2,"irons_spellbooks:arcane_essence":13,"minecraft:diamond_leggings":4,"minecraft:smooth_stone":1,"minecraft:gold_nugget":47,"minecraft:cobbled_deepslate":235,"bosses_of_mass_destruction:soul_star":3,"minecraft:spruce_planks":9,"twigs:pebble":7,"celestisynth:lunar_stone":25,"undead_unleashed:grave_metal_sword":3,"minecraft:cobblestone_slab":1,"minecraft:calcite":2,"minecraft:coal_block":8,"farmersdelight:ratatouille":1,"minecraft:furnace":1,"minecraft:tipped_arrow":7,"minecraft:stick":3,"apotheosis:gem":31,"forbidden_arcanus:tentacle":1,"minecraft:torch":16,"minecraft:porkchop":3,"minecraft:diorite":10,"minecraft:quartz_block":2,"minecraft:stone_sword":5,"minecraft:rotten_flesh":92,"aether:chainmail_gloves":1,"minecraft:cyan_terracotta":2,"supplementaries:ash":12,"twigs:tangerine_seashell":1,"minecraft:iron_bars":10,"minecraft:cobblestone":148,"majruszsaccessories:tool_scraps":2,"minecraft:leather_chestplate":7,"minecraft:andesite":18,"ars_nouveau:source_berry":20,"minecraft:chiseled_quartz_block":1,"minecraft:flint":1,"minecraft:tuff":67,"minecraft:wither_skeleton_skull":9,"minecraft:lapis_lazuli":44,"minecraft:dirt":17,"lootr:trophy":1,"minecraft:leather_boots":8,"minecraft:bone":207,"majruszsaccessories:miner_guide":2,"minecraft:raw_gold":128,"forbidden_arcanus:rune":3,"minecraft:mossy_stone_bricks":5,"apotheosis:mythic_material":1,"galosphere:raw_silver":34,"twigs:twig":2,"minecraft:oak_planks":20,"minecraft:mossy_stone_brick_stairs":1,"iter_rpg:silky_hivestone":1,"irons_spellbooks:frozen_bone":35,"iter_rpg:cracked_hivestone":2,"iter_rpg:spider_silk":65,"minecraft:sand":9,"minecraft:nether_brick_stairs":21,"minecraft:dead_bush":2,"minecraft:mossy_cobblestone":14,"iter_rpg:stone_geode":6,"iter_rpg:abyssquartz_block":1,"minecraft:bundle":1,"minecraft:polished_andesite":9,"apotheosis:improved_scrap_tome":6,"minecraft:diamond":17,"iter_rpg:abyssquartz_shard":8,"minecraft:chainmail_helmet":1,"minecraft:granite":10,"minecraft:golden_apple":8,"minecraft:spruce_button":3,"minecraft:bread":33,"minecraft:emerald":12,"minecraft:netherrack":2,"twigs:rhyolite":15,"cisco_mod:brightsteel_ingot":1,"iter_rpg:spawner_fragment":18,"majruszsdifficulty:tattered_boots":1,"minecraft:coarse_dirt":6,"minecraft:charcoal":3,"twigs:petrified_lichen":1,"byg:soapstone":6,"minecraft:leather_leggings":2,"minecraft:turtle_helmet":1,"byg:tall_pink_allium":1,"ars_nouveau:warp_scroll":1,"minecraft:gold_block":1,"enigmaticlegacy:tattered_tome":2,"minecraft:shield":4,"skilltree:wisdom_scroll":1,"minecraft:netherite_scrap":7,"minecraft:iron_shovel":1,"minecraft:cracked_stone_bricks":3,"undead_unleashed:grave_metal_ingot":1,"minecraft:candle":1,"minecraft:beef":1,"minecraft:iron_nugget":44,"minecraft:piston":8,"forbidden_arcanus:gilded_darkstone":1,"minecraft:raw_iron":104,"minecraft:sandstone":3,"minecraft:copper_ingot":2,"minecraft:bowl":32,"sophisticatedbackpacks:backpack":1,"minecraft:trident":1,"minecraft:carrot":280,"majruszsaccessories:adventurer_kit":1,"minecraft:redstone":13,"minecraft:light_blue_bed":1,"minecraft:prismarine_crystals":2,"minecraft:diamond_chestplate":4,"minecraft:arrow":46,"majruszsaccessories:lucky_rock":1,"minecraft:nether_bricks":121,"minecraft:diamond_boots":12,"minecraft:gold_ingot":256,"minecraft:mutton":2,"minecraft:bone_block":1,"forbidden_arcanus:spawner_scrap":27,"minecraft:skeleton_skull":1,"minecraft:air":38,"minecraft:golden_carrot":5,"minecraft:glow_ink_sac":2,"minecraft:tripwire_hook":1,"minecraft:leather":7,"majruszsdifficulty:tattered_helmet":1,"minecraft:birch_planks":31,"majruszsdifficulty:cloth":13,"minecraft:crimson_fungus":32,"savage_and_ravage:creeper_spores":1,"minecraft:nether_wart_block":3,"minecraft:gunpowder":18,"minecraft:cobblestone_wall":22,"minecraft:cobblestone_stairs":2,"minecraft:apple":17,"minecraft:stone_bricks":19,"minecraft:stone_pickaxe":1,"alexsmobs:cockroach_wing_fragment":3,"byg:allium_flower_bush":1,"iter_rpg:potsherd":10,"minecraft:iron_ingot":40,"minecraft:cobweb":1,"undead_unleashed:grave_metal_boots":1,"apotheosis:gem_dust":10,"minecraft:soul_sand":6,"minecraft:iron_sword":2,"forbidden_arcanus:darkstone":4,"minecraft:book":7,"quark:light_gray_shard":9,"minecraft:polished_andesite_stairs":3,"minecraft:smooth_basalt":2,"minecraft:black_candle":2,"minecraft:stone_brick_slab":1,"minecraft:gravel":9,"minecraft:amethyst_shard":4,"undead_unleashed:grave_metal_scrap":89,"iter_rpg:hivestone":8,"majruszsdifficulty:bandage":7,"minecraft:spruce_log":21,"quark:blue_corundum_cluster":3,"minecraft:spider_eye":53,"minecraft:leather_helmet":2,"forbidden_arcanus:arcane_crystal":7,"byg:tall_allium":3,"minecraft:chainmail_leggings":2,"minecraft:diamond_axe":1,"minecraft:painting":1,"minecraft:mossy_cobblestone_stairs":2,"undead_unleashed:grave_metal_axe":2,"majruszsdifficulty:tattered_chestplate":3,"minecraft:coal":25},"minecraft:mined":{"minecraft:spruce_planks":3,"minecraft:red_nether_bricks":6,"minecraft:obsidian":11,"minecraft:potted_dead_bush":1,"minecraft:granite":10,"minecraft:budding_amethyst":1,"minecraft:grass_block":2,"minecraft:coal_block":9,"minecraft:chiseled_stone_bricks":6,"minecraft:spawner":52,"minecraft:mossy_cobblestone_stairs":3,"minecraft:fire":6,"minecraft:iron_ore":75,"minecraft:cobbled_deepslate":13,"minecraft:deepslate_lapis_ore":4,"minecraft:nether_brick_stairs":33,"minecraft:iron_bars":13,"minecraft:small_amethyst_bud":3,"minecraft:black_candle":1,"minecraft:tripwire":2,"minecraft:deepslate_redstone_ore":1,"minecraft:quartz_block":2,"minecraft:cyan_terracotta":2,"minecraft:medium_amethyst_bud":1,"minecraft:amethyst_cluster":1,"darkerdepths:dry_sprouts":3,"minecraft:torch":1,"undead_unleashed:grave_soil":1,"minecraft:calcite":2,"minecraft:polished_andesite_stairs":3,"galosphere:silver_ore":29,"minecraft:polished_diorite_slab":2,"quark:blue_corundum_cluster":3,"minecraft:cobblestone":38,"minecraft:amethyst_block":8,"byg:soapstone":7,"forbidden_arcanus:darkstone":2,"minecraft:nether_wart_block":4,"iter_rpg:abyssquartz_block":1,"minecraft:blue_ice":36,"celestisynth:lunar_stone":28,"minecraft:stone_brick_stairs":4,"minecraft:smooth_stone_slab":1,"minecraft:grass":2,"minecraft:dirt":1,"minecraft:smooth_quartz":1,"minecraft:smooth_basalt":2,"twigs:rhyolite":18,"minecraft:netherrack":8,"minecraft:oak_leaves":2,"minecraft:deepslate":251,"minecraft:diamond_ore":1,"minecraft:tuff":57,"minecraft:mossy_cobblestone":35,"minecraft:deepslate_diamond_ore":10,"minecraft:sea_lantern":5,"iter_rpg:cracked_hivestone":1,"minecraft:nether_bricks":110,"minecraft:spruce_fence":1,"minecraft:spruce_leaves":6,"iter_rpg:big_vase":9,"minecraft:sandstone":7,"forbidden_arcanus:deepslate_arcane_crystal_ore":7,"iter_rpg:spider_silk_block":2,"minecraft:furnace":1,"minecraft:carrots":31,"iter_rpg:small_vase":5,"minecraft:andesite":33,"minecraft:mossy_stone_brick_stairs":3,"iter_rpg:geodite":1,"minecraft:deepslate_iron_ore":29,"minecraft:vine":18,"minecraft:packed_ice":6,"minecraft:stone":93,"minecraft:redstone_block":1,"minecraft:soul_sand":5,"minecraft:stone_brick_slab":1,"galosphere:deepslate_silver_ore":5,"iter_rpg:vase":4,"minecraft:copper_ore":2,"minecraft:stone_slab":1,"minecraft:tall_grass":1,"minecraft:lapis_ore":4,"minecraft:deepslate_gold_ore":81,"minecraft:diorite":10,"supplementaries:urn":19,"minecraft:coarse_dirt":1,"minecraft:light_blue_bed":1,"minecraft:cobblestone_wall":1,"forbidden_arcanus:xpetrified_ore":3,"iter_rpg:abyss_quartz":5,"minecraft:spruce_log":21,"iter_rpg:spider_egg":31,"minecraft:coal_ore":24,"minecraft:gravel":6,"minecraft:cobweb":27,"minecraft:cracked_stone_bricks":8,"forbidden_arcanus:gilded_darkstone":1,"minecraft:polished_andesite":7,"minecraft:stone_bricks":5,"minecraft:mossy_stone_bricks":23,"minecraft:gold_ore":33,"forbidden_arcanus:runic_deepslate":3,"minecraft:fern":1},"minecraft:broken":{"immersive_armors:wooden_leggings":1,"minecraft:leather_leggings":2,"minecraft:iron_boots":2,"minecraft:iron_chestplate":4,"minecraft:iron_leggings":4,"undead_unleashed:grave_metal_boots":1,"minecraft:stone_axe":1,"minecraft:iron_sword":1,"minecraft:leather_helmet":1,"minecraft:chainmail_leggings":1,"cisco_mod:adventurer_helmet":1,"immersive_armors:wooden_boots":1,"minecraft:diamond_leggings":2,"aether:iron_gloves":3,"minecraft:chainmail_helmet":1,"cisco_mod:adventurer_boots":1,"minecraft:leather_chestplate":2,"minecraft:shield":3,"majruszsdifficulty:tattered_helmet":1,"strictly_origins:damaged_durendal":1,"minecraft:leather_boots":4,"minecraft:iron_pickaxe":1,"minecraft:iron_helmet":4},"minecraft:used":{"minecraft:iron_shovel":4,"minecraft:shield":47,"minecraft:iron_sword":384,"lootr:trophy":1,"strictly_origins:damaged_durendal":100,"minecraft:nether_bricks":71,"minecraft:carrot":13,"undead_unleashed:grave_metal_axe":48,"minecraft:tuff":43,"minecraft:lava_bucket":27,"minecraft:polished_andesite_stairs":1,"minecraft:iron_helmet":2,"minecraft:stone_bricks":17,"minecraft:bow":91,"minecraft:written_book":1,"minecraft:mossy_stone_bricks":1,"minecraft:stone_pickaxe":40,"minecraft:chainmail_helmet":1,"minecraft:diamond_axe":13,"minecraft:golden_apple":47,"minecraft:chiseled_quartz_block":1,"majruszsdifficulty:tattered_boots":1,"relics:horse_flute":1,"easy_villagers:villager":3,"savage_and_ravage:creeper_spores":1,"forbidden_arcanus:darkstone":2,"minecraft:deepslate":2,"minecraft:gravel":7,"minecraft:diamond_sword":8,"minecraft:wooden_sword":4,"minecraft:andesite":3,"minecraft:bone_meal":117,"minecraft:experience_bottle":2,"minecraft:trident":5,"minecraft:iron_bars":10,"minecraft:stone_sword":3694,"minecraft:dead_bush":1,"minecraft:spruce_planks":35,"minecraft:granite":6,"minecraft:wooden_axe":24,"minecraft:iron_axe":262,"minecraft:smooth_basalt":2,"minecraft:golden_carrot":58,"minecraft:cobbled_deepslate":200,"minecraft:enchanted_golden_apple":1,"minecraft:calcite":2,"minecraft:water_bucket":2,"minecraft:red_nether_bricks":2,"minecraft:leather_boots":2,"supplementaries:bomb":1,"minecraft:crafting_table":1,"minecraft:painting":1,"minecraft:cake":1,"minecraft:diamond_pickaxe":1078,"supplementaries:cage":1,"majruszsdifficulty:undead_army_treasure_bag":1,"minecraft:iron_pickaxe":253,"byg:soapstone":2,"minecraft:stone_axe":66,"minecraft:cobblestone":99,"minecraft:potion":2,"majruszsdifficulty:bandage":3,"minecraft:bucket":29,"alexsmobs:animal_dictionary":1},"minecraft:dropped":{"iter_rpg:hivestone":4,"minecraft:iron_sword":1,"minecraft:soul_sand":3,"minecraft:piston":8,"minecraft:glow_ink_sac":1,"minecraft:glass_bottle":2,"minecolonies:supplycampdeployer":1,"byg:allium_flower_bush":1,"majruszsdifficulty:tattered_helmet":1,"minecraft:leather":10,"iter_rpg:stone_geode":6,"undead_unleashed:grave_metal_scrap":48,"sophisticatedbackpacks:gold_backpack":2,"minecraft:flint":1,"twigs:pebble":4,"quark:light_gray_shard":9,"majruszsdifficulty:tattered_boots":1,"irons_spellbooks:arcane_essence":6,"minecraft:wooden_sword":1,"minecraft:gold_nugget":3,"minecraft:pumpkin_pie":12,"minecraft:bone_block":1,"forbidden_arcanus:darkstone":2,"minecraft:sand":9,"minecraft:iron_pickaxe":1,"immersive_armors:wooden_chestplate":1,"twigs:twig":2,"minecraft:gold_ingot":12,"minecraft:bone":29,"minecraft:gravel":1,"majruszsdifficulty:tattered_chestplate":2,"enigmaticlegacy:eye_of_nebula":1,"majruszsdifficulty:cloth":13,"minecraft:iron_nugget":8,"minecraft:cobbled_deepslate":2,"minecraft:rotten_flesh":41,"enigmaticlegacy:tattered_tome":2,"iter_rpg:spawner_fragment":7,"bosses_of_mass_destruction:soul_star":1,"cisco_mod:brightsteel_ingot":1,"minecraft:leather_chestplate":3,"supplementaries:ash":11,"minecraft:turtle_helmet":1,"minecraft:gunpowder":3,"undead_unleashed:grave_metal_axe":1,"minecraft:charcoal":3,"minecraft:quartz_block":2,"minecraft:leather_boots":1,"minecraft:chest":1,"apotheosis:gem":2,"minecraft:chainmail_boots":1,"farmersdelight:bacon_and_eggs":16,"iter_rpg:spider_silk":33,"minecraft:spruce_slab":3,"minecraft:iron_bars":2,"minecraft:arrow":1,"farmersdelight:ratatouille":17,"minecraft:stone_brick_stairs":3,"majruszsaccessories:lucky_rock":1,"iter_rpg:abyssquartz_block":1,"minecraft:iron_ingot":33,"minecraft:bread":42,"minecraft:mossy_cobblestone":5,"minecraft:diamond_leggings":2,"forbidden_arcanus:tentacle":1,"minecraft:cobblestone":6,"minecraft:book":1,"minecraft:granite":3,"cisco_mod:adventurer_chestplate":1,"enigmaticlegacy:corrupted_tome":1,"apotheosis:epic_material":1,"minecraft:golden_apple":1,"minecraft:polished_andesite":5,"irons_spellbooks:scroll":3,"minecraft:diorite":4,"minecraft:torch":12,"byg:soapstone":2,"forbidden_arcanus:spawner_scrap":10,"minecraft:dead_bush":1,"minecraft:iron_leggings":2,"minecraft:iron_shovel":1,"minecraft:string":68,"minecraft:tripwire_hook":1,"irons_spellbooks:frozen_bone":12,"iter_rpg:potsherd":3,"minecraft:redstone":9,"twigs:rhyolite":2,"twigs:petrified_lichen":1,"ars_nouveau:source_berry":20,"minecraft:stone_sword":1,"minecraft:smooth_stone_slab":2,"minecraft:bowl":18,"minecraft:deepslate":1,"minecraft:tuff":22,"minecraft:experience_bottle":2,"majruszsaccessories:miner_guide":2,"byg:tall_allium":2,"enigmaticlegacy:iron_ring":1,"undead_unleashed:grave_metal_sword":1,"twigs:tangerine_seashell":1,"minecraft:diamond_sword":1,"minecraft:flower_pot":1,"minecraft:diamond_chestplate":2,"alexsmobs:cockroach_wing_fragment":2,"aether:chainmail_gloves":1,"minecraft:bundle":2,"minecraft:spruce_planks":14,"minecraft:diamond_pickaxe":2,"minecraft:iron_chestplate":1,"minecraft:andesite":14,"iter_rpg:silky_hivestone":1,"minecraft:stone_bricks":2,"minecraft:spider_eye":3,"minecraft:diamond_boots":8,"minecraft:sandstone":3,"minecraft:stone_pickaxe":1,"apotheosis:gem_dust":3},"minecraft:crafted":{"minecraft:crafting_table":2,"minecraft:spruce_planks":84,"minecraft:stick":4,"minecraft:iron_ingot":36,"minecraft:gold_ingot":66,"minecraft:redstone":9,"minecraft:bone_meal":117,"woodworks:spruce_chest":1,"sophisticatedbackpacks:gold_backpack":1,"minecraft:air":0,"minecraft:wooden_axe":1},"minecraft:killed_by":{"minecraft:creeper":1,"minecraft:drowned":1,"minecraft:vindicator":1,"minecraft:zombie":6,"majruszsdifficulty:cursed_armor":11,"enemyexpansion:invisicreeper":2,"minecraft:player":24,"enemyexpansion:trollenraged":1,"savage_and_ravage:creepie":1,"minecraft:skeleton":27,"minecraft:phantom":1},"minecraft:custom":{"enigmaticlegacy:play_time_with_seven_curses":0,"lootr:looted_stat":125,"minecraft:interact_with_crafting_table":12,"minecraft:open_barrel":4,"goblintraders:trade_with_goblin":40,"minecraft:eat_cake_slice":6,"minecraft:leave_game":2,"minecraft:time_since_death":9681,"minecraft:damage_resisted":730,"minecraft:sprint_one_cm":348648,"minecraft:damage_blocked_by_shield":5346,"minecraft:drop":235,"minecraft:talked_to_villager":18,"minecraft:play_time":591548,"minecraft:deaths":80,"minecraft:jump":4109,"minecraft:walk_on_water_one_cm":128870,"minecraft:interact_with_furnace":3,"minecraft:sleep_in_bed":2,"minecraft:damage_dealt":268278,"minecraft:player_kills":3,"minecraft:crouch_one_cm":49296,"minecraft:inspect_dispenser":2,"minecraft:interact_with_anvil":2,"minecraft:mob_kills":472,"minecraft:damage_dealt_resisted":2375,"minecraft:climb_one_cm":11964,"minecraft:walk_one_cm":2541422,"minecraft:damage_dealt_absorbed":171,"minecraft:sneak_time":24928,"minecraft:walk_under_water_one_cm":42678,"minecraft:boat_one_cm":15009,"minecraft:total_world_time":591548,"enigmaticlegacy:play_time_without_seven_curses":586715,"minecraft:time_since_rest":9724,"minecraft:damage_taken":88338,"minecraft:damage_absorbed":1770,"minecraft:swim_one_cm":12312,"minecraft:fly_one_cm":430423,"minecraft:open_chest":1,"minecraft:fall_one_cm":67670},"minecraft:killed":{"iter_rpg:goblin":1,"minecraft:witch":1,"minecraft:spider":8,"enemyexpansion:equestrian":1,"minecraft:skeleton":37,"minecraft:chicken":1,"majruszsdifficulty:creeperling":1,"minecraft:silverfish":71,"minecraft:pig":2,"enemyexpansion:ladybug":1,"minecraft:zombie_villager":1,"enemyexpansion:tarantula":2,"iter_rpg:spiderling":190,"irons_spellbooks:necromancer":1,"minecraft:creeper":1,"minecraft:sheep":1,"minecraft:pillager":1,"minecraft:zombie":63,"undead_unleashed:shadewraith":2,"minecraft:stray":7,"enemyexpansion:botfly":13,"undead_unleashed:haunter":5,"whisperwoods:moth":1,"minecraft:cow":1,"savage_and_ravage:skeleton_villager":1,"irons_spellbooks:summoned_zombie":2,"minecraft:vindicator":1,"quark:toretoise":1,"minecraft:phantom":1,"enemyexpansion:faller":1,"goblintraders:goblin_trader":1,"enemyexpansion:goblin":4,"minecraft:husk":6,"minecraft:bat":1,"iter_rpg:peeper":9,"enemyexpansion:sprinter":1,"majruszsdifficulty:cursed_armor":20,"alexsmobs:cockroach":1,"iter_rpg:goblin_warrior":1,"iter_rpg:giant_spider":6,"minecraft:wither_skeleton":2}},"DataVersion":3120}