{"stats":{"minecraft:crafted":{"minecraft:redstone":9,"woodworks:spruce_chest":1,"minecraft:crafting_table":2,"minecraft:spruce_planks":84,"sophisticatedbackpacks:gold_backpack":1,"minecraft:stick":4,"minecraft:wooden_axe":1},"minecraft:killed":{"minecraft:spider":1,"minecraft:vindicator":1,"minecraft:phantom":1,"minecraft:skeleton":10,"majruszsdifficulty:creeperling":1,"enemyexpansion:goblin":1,"minecraft:husk":1,"minecraft:pig":2,"enemyexpansion:ladybug":1,"iter_rpg:spiderling":3,"irons_spellbooks:necromancer":1,"minecraft:sheep":1,"minecraft:pillager":1,"minecraft:zombie":12,"undead_unleashed:shadewraith":2,"undead_unleashed:haunter":2,"whisperwoods:moth":1,"minecraft:cow":1},"minecraft:mined":{"minecraft:diamond_ore":1,"minecraft:tuff":1,"minecraft:spruce_planks":3,"minecraft:mossy_cobblestone":1,"minecraft:deepslate_diamond_ore":3,"minecraft:granite":10,"minecraft:budding_amethyst":1,"minecraft:spruce_fence":1,"minecraft:coal_block":7,"iter_rpg:big_vase":2,"minecraft:spruce_leaves":6,"minecraft:sandstone":7,"minecraft:spawner":5,"forbidden_arcanus:deepslate_arcane_crystal_ore":7,"minecraft:furnace":1,"iter_rpg:small_vase":2,"minecraft:iron_ore":75,"minecraft:fire":3,"minecraft:deepslate_iron_ore":27,"minecraft:small_amethyst_bud":3,"minecraft:iron_bars":2,"minecraft:stone":23,"minecraft:deepslate_redstone_ore":1,"minecraft:redstone_block":1,"minecraft:quartz_block":1,"minecraft:medium_amethyst_bud":1,"minecraft:amethyst_cluster":1,"galosphere:deepslate_silver_ore":5,"darkerdepths:dry_sprouts":3,"minecraft:torch":1,"undead_unleashed:grave_soil":1,"minecraft:calcite":2,"iter_rpg:vase":2,"galosphere:silver_ore":29,"quark:blue_corundum_cluster":3,"minecraft:tall_grass":1,"minecraft:deepslate_gold_ore":31,"minecraft:lapis_ore":4,"minecraft:diorite":1,"minecraft:amethyst_block":8,"supplementaries:urn":8,"byg:soapstone":5,"minecraft:light_blue_bed":1,"minecraft:cobblestone_wall":1,"forbidden_arcanus:xpetrified_ore":3,"iter_rpg:abyss_quartz":4,"minecraft:spruce_log":21,"minecraft:stone_brick_stairs":4,"minecraft:smooth_stone_slab":1,"minecraft:grass":1,"iter_rpg:spider_egg":1,"minecraft:coal_ore":24,"minecraft:smooth_quartz":1,"twigs:rhyolite":3,"minecraft:smooth_basalt":2,"minecraft:cracked_stone_bricks":2,"minecraft:stone_bricks":5,"minecraft:netherrack":2,"minecraft:mossy_stone_bricks":3,"minecraft:gold_ore":17,"forbidden_arcanus:runic_deepslate":1,"minecraft:deepslate":51,"minecraft:fern":1},"minecraft:used":{"minecraft:trident":5,"minecraft:spruce_planks":12,"minecraft:shield":11,"minecraft:iron_sword":299,"strictly_origins:damaged_durendal":100,"undead_unleashed:grave_metal_axe":48,"minecraft:wooden_axe":24,"minecraft:lava_bucket":4,"minecraft:smooth_basalt":2,"minecraft:golden_carrot":4,"minecraft:bow":73,"minecraft:written_book":1,"minecraft:cobbled_deepslate":9,"minecraft:calcite":2,"minecraft:water_bucket":2,"minecraft:golden_apple":22,"minecraft:crafting_table":1,"minecraft:chiseled_quartz_block":1,"relics:horse_flute":1,"minecraft:diamond_pickaxe":152,"minecraft:iron_pickaxe":253,"byg:soapstone":2,"minecraft:wooden_sword":4,"minecraft:cobblestone":2,"minecraft:bucket":6,"alexsmobs:animal_dictionary":1},"minecraft:picked_up":{"iter_rpg:spawner_fragment":2,"irons_spellbooks:scroll":1,"minecraft:charcoal":3,"byg:soapstone":5,"minecraft:redstone_block":1,"minecraft:turtle_helmet":1,"undead_unleashed:cursed_cloth":1,"minecraft:lead":1,"minecraft:potion":1,"minecraft:enchanted_book":1,"enigmaticlegacy:tattered_tome":1,"minecraft:stone_brick_stairs":3,"minecraft:amethyst_block":6,"forbidden_arcanus:xpetrified_orb":3,"minecraft:string":24,"apotheosis:epic_material":1,"minecraft:smooth_stone_slab":2,"minecraft:netherite_scrap":2,"minecraft:zombie_head":1,"minecraft:experience_bottle":3,"irons_spellbooks:arcane_essence":10,"minecraft:gold_nugget":20,"minecraft:cobbled_deepslate":49,"minecraft:beef":1,"undead_unleashed:grave_metal_sword":2,"minecraft:calcite":2,"minecraft:iron_nugget":32,"minecraft:coal_block":7,"farmersdelight:ratatouille":1,"minecraft:piston":8,"minecraft:furnace":1,"apotheosis:gem":11,"minecraft:raw_iron":102,"minecraft:sandstone":3,"forbidden_arcanus:tentacle":1,"minecraft:torch":5,"minecraft:porkchop":3,"minecraft:diorite":1,"minecraft:trident":1,"minecraft:carrot":23,"minecraft:redstone":9,"minecraft:light_blue_bed":1,"minecraft:quartz_block":2,"minecraft:arrow":41,"minecraft:rotten_flesh":17,"aether:chainmail_gloves":1,"minecraft:gold_ingot":47,"supplementaries:ash":5,"forbidden_arcanus:spawner_scrap":5,"minecraft:mutton":2,"twigs:tangerine_seashell":1,"minecraft:iron_bars":2,"minecraft:cobblestone":23,"minecraft:tripwire_hook":1,"minecraft:leather":6,"minecraft:chiseled_quartz_block":1,"majruszsdifficulty:tattered_helmet":1,"minecraft:tuff":1,"minecraft:gunpowder":3,"minecraft:cobblestone_wall":1,"minecraft:wither_skeleton_skull":2,"minecraft:lapis_lazuli":26,"minecraft:bone":36,"minecraft:apple":16,"minecraft:stone_bricks":2,"minecraft:raw_gold":48,"minecraft:iron_ingot":36,"forbidden_arcanus:rune":1,"galosphere:raw_silver":33,"twigs:twig":2,"apotheosis:gem_dust":3,"minecraft:iron_sword":1,"quark:light_gray_shard":9,"minecraft:smooth_basalt":2,"iter_rpg:spider_silk":1,"minecraft:sand":9,"minecraft:amethyst_shard":4,"undead_unleashed:grave_metal_scrap":37,"minecraft:spruce_log":21,"quark:blue_corundum_cluster":3,"minecraft:bundle":1,"forbidden_arcanus:arcane_crystal":7,"apotheosis:improved_scrap_tome":3,"minecraft:diamond":4,"iter_rpg:abyssquartz_shard":6,"minecraft:granite":9,"minecraft:golden_apple":2,"minecraft:bread":27,"undead_unleashed:grave_metal_axe":1,"minecraft:emerald":8,"twigs:rhyolite":1,"cisco_mod:brightsteel_ingot":1,"minecraft:coal":24},"minecraft:broken":{"immersive_armors:wooden_leggings":1,"immersive_armors:wooden_boots":1,"strictly_origins:damaged_durendal":1,"minecraft:iron_sword":1,"minecraft:iron_pickaxe":1},"minecraft:custom":{"enigmaticlegacy:play_time_with_seven_curses":0,"lootr:looted_stat":47,"minecraft:mob_kills":38,"minecraft:interact_with_crafting_table":12,"minecraft:eat_cake_slice":1,"minecraft:damage_dealt_resisted":95,"minecraft:time_since_death":461,"minecraft:climb_one_cm":10178,"minecraft:damage_resisted":0,"minecraft:sprint_one_cm":131500,"minecraft:walk_one_cm":725106,"minecraft:damage_blocked_by_shield":2748,"minecraft:drop":69,"minecraft:talked_to_villager":2,"minecraft:play_time":166488,"minecraft:deaths":22,"minecraft:sneak_time":3389,"minecraft:walk_under_water_one_cm":17737,"minecraft:boat_one_cm":15009,"minecraft:jump":1489,"minecraft:walk_on_water_one_cm":25457,"minecraft:total_world_time":166488,"minecraft:interact_with_furnace":2,"enigmaticlegacy:play_time_without_seven_curses":165722,"minecraft:sleep_in_bed":1,"minecraft:time_since_rest":485,"minecraft:damage_taken":15958,"minecraft:damage_absorbed":729,"minecraft:damage_dealt":31166,"minecraft:swim_one_cm":2134,"minecraft:fly_one_cm":213907,"minecraft:open_chest":1,"minecraft:crouch_one_cm":10338,"minecraft:fall_one_cm":28896,"minecraft:inspect_dispenser":2},"minecraft:killed_by":{"minecraft:player":10,"minecraft:creeper":1,"minecraft:skeleton":9,"minecraft:phantom":1,"enemyexpansion:invisicreeper":1},"minecraft:dropped":{"minecraft:iron_ingot":33,"minecraft:bread":27,"minecraft:iron_sword":1,"minecraft:piston":8,"minecolonies:supplycampdeployer":1,"forbidden_arcanus:tentacle":1,"majruszsdifficulty:tattered_helmet":1,"minecraft:leather":10,"undead_unleashed:grave_metal_scrap":35,"minecraft:golden_apple":1,"quark:light_gray_shard":9,"minecraft:torch":7,"forbidden_arcanus:spawner_scrap":1,"minecraft:iron_leggings":1,"irons_spellbooks:arcane_essence":6,"minecraft:gold_nugget":3,"minecraft:wooden_sword":1,"minecraft:pumpkin_pie":12,"minecraft:sand":9,"immersive_armors:wooden_chestplate":1,"minecraft:string":20,"minecraft:tripwire_hook":1,"twigs:twig":2,"minecraft:gold_ingot":12,"minecraft:bone":5,"minecraft:redstone":9,"minecraft:smooth_stone_slab":2,"minecraft:rotten_flesh":11,"enigmaticlegacy:tattered_tome":1,"undead_unleashed:grave_metal_sword":1,"twigs:tangerine_seashell":1,"cisco_mod:brightsteel_ingot":1,"supplementaries:ash":5,"minecraft:turtle_helmet":1,"aether:chainmail_gloves":1,"minecraft:spruce_planks":14,"minecraft:bundle":2,"minecraft:charcoal":3,"minecraft:quartz_block":2,"minecraft:chainmail_boots":1,"farmersdelight:bacon_and_eggs":16,"minecraft:stone_bricks":2,"minecraft:sandstone":3,"minecraft:iron_bars":2,"farmersdelight:ratatouille":17,"minecraft:stone_brick_stairs":3}},"DataVersion":3120}