{"stats":{"minecraft:crafted":{"minecraft:crafting_table":1,"minecraft:spruce_planks":84,"minecraft:stick":4,"minecraft:wooden_axe":1},"minecraft:killed":{"minecraft:sheep":1,"whisperwoods:moth":1,"minecraft:pig":2,"minecraft:cow":1},"minecraft:mined":{"minecraft:spruce_planks":1,"minecraft:spruce_leaves":3,"minecraft:spruce_log":21,"minecraft:fern":1},"minecraft:used":{"strictly_origins:damaged_durendal":11,"minecraft:wooden_axe":24,"minecraft:written_book":1,"minecraft:crafting_table":1,"alexsmobs:animal_dictionary":1,"minecraft:spruce_planks":4},"minecraft:picked_up":{"minecraft:leather":2,"minecraft:beef":1,"minecraft:porkchop":3,"minecraft:spruce_log":21,"twigs:twig":2,"farmersdelight:ratatouille":1,"minecraft:mutton":2},"minecraft:custom":{"minecraft:time_since_rest":11764,"enigmaticlegacy:play_time_with_seven_curses":0,"minecraft:crouch_one_cm":490,"minecraft:play_time":22488,"minecraft:sprint_one_cm":10202,"minecraft:deaths":1,"minecraft:damage_taken":445,"minecraft:walk_one_cm":64335,"minecraft:sneak_time":213,"minecraft:walk_under_water_one_cm":1095,"minecraft:mob_kills":5,"minecraft:drop":1,"minecraft:jump":94,"minecraft:damage_dealt":663,"minecraft:walk_on_water_one_cm":3272,"minecraft:time_since_death":11729,"minecraft:total_world_time":22488,"enigmaticlegacy:play_time_without_seven_curses":22453,"minecraft:fly_one_cm":5221,"minecraft:interact_with_crafting_table":3,"minecraft:fall_one_cm":2105},"minecraft:killed_by":{"minecraft:player":1},"minecraft:dropped":{"farmersdelight:ratatouille":1}},"DataVersion":3120}