{"stats":{"minecraft:crafted":{"minecraft:redstone":9,"woodworks:spruce_chest":1,"minecraft:crafting_table":2,"minecraft:spruce_planks":84,"sophisticatedbackpacks:gold_backpack":1,"minecraft:air":0,"minecraft:stick":4,"minecraft:iron_ingot":36,"minecraft:wooden_axe":1,"minecraft:gold_ingot":9},"minecraft:killed":{"minecraft:spider":2,"minecraft:vindicator":1,"quark:toretoise":1,"minecraft:phantom":1,"minecraft:skeleton":11,"majruszsdifficulty:creeperling":1,"enemyexpansion:goblin":1,"minecraft:husk":1,"minecraft:pig":2,"enemyexpansion:ladybug":1,"iter_rpg:spiderling":6,"irons_spellbooks:necromancer":1,"minecraft:sheep":1,"minecraft:pillager":1,"alexsmobs:cockroach":1,"minecraft:zombie":13,"undead_unleashed:shadewraith":2,"undead_unleashed:haunter":2,"whisperwoods:moth":1,"minecraft:cow":1},"minecraft:mined":{"minecraft:diamond_ore":1,"minecraft:tuff":4,"minecraft:spruce_planks":3,"minecraft:mossy_cobblestone":1,"minecraft:deepslate_diamond_ore":3,"minecraft:granite":10,"minecraft:budding_amethyst":1,"minecraft:spruce_fence":1,"minecraft:coal_block":7,"iter_rpg:big_vase":2,"minecraft:spruce_leaves":6,"minecraft:sandstone":7,"minecraft:spawner":5,"forbidden_arcanus:deepslate_arcane_crystal_ore":7,"minecraft:furnace":1,"iter_rpg:small_vase":2,"minecraft:iron_ore":75,"minecraft:fire":3,"minecraft:deepslate_iron_ore":27,"minecraft:small_amethyst_bud":3,"minecraft:iron_bars":2,"minecraft:stone":24,"minecraft:deepslate_redstone_ore":1,"minecraft:redstone_block":1,"minecraft:quartz_block":1,"minecraft:medium_amethyst_bud":1,"minecraft:amethyst_cluster":1,"galosphere:deepslate_silver_ore":5,"darkerdepths:dry_sprouts":3,"minecraft:torch":1,"undead_unleashed:grave_soil":1,"minecraft:calcite":2,"iter_rpg:vase":3,"galosphere:silver_ore":29,"quark:blue_corundum_cluster":3,"minecraft:cobblestone":1,"minecraft:tall_grass":1,"minecraft:deepslate_gold_ore":39,"minecraft:lapis_ore":4,"minecraft:diorite":1,"minecraft:amethyst_block":8,"supplementaries:urn":10,"byg:soapstone":5,"minecraft:light_blue_bed":1,"minecraft:cobblestone_wall":1,"forbidden_arcanus:xpetrified_ore":3,"iter_rpg:abyss_quartz":4,"minecraft:spruce_log":21,"minecraft:stone_brick_stairs":4,"minecraft:smooth_stone_slab":1,"minecraft:grass":1,"iter_rpg:spider_egg":2,"minecraft:coal_ore":24,"minecraft:smooth_quartz":1,"twigs:rhyolite":3,"minecraft:smooth_basalt":2,"minecraft:cracked_stone_bricks":2,"minecraft:stone_bricks":5,"minecraft:netherrack":2,"minecraft:mossy_stone_bricks":3,"minecraft:gold_ore":20,"forbidden_arcanus:runic_deepslate":2,"minecraft:deepslate":60,"minecraft:fern":1},"minecraft:used":{"minecraft:trident":5,"minecraft:spruce_planks":12,"minecraft:shield":11,"minecraft:iron_sword":333,"strictly_origins:damaged_durendal":100,"undead_unleashed:grave_metal_axe":48,"minecraft:granite":6,"minecraft:wooden_axe":24,"minecraft:lava_bucket":4,"minecraft:smooth_basalt":2,"minecraft:golden_carrot":6,"minecraft:bow":73,"minecraft:written_book":1,"minecraft:cobbled_deepslate":25,"minecraft:calcite":2,"minecraft:water_bucket":2,"minecraft:golden_apple":23,"minecraft:crafting_table":1,"minecraft:chiseled_quartz_block":1,"relics:horse_flute":1,"minecraft:diamond_pickaxe":179,"savage_and_ravage:creeper_spores":1,"minecraft:iron_pickaxe":253,"byg:soapstone":2,"minecraft:wooden_sword":4,"minecraft:cobblestone":14,"minecraft:bucket":6,"alexsmobs:animal_dictionary":1},"minecraft:picked_up":{"iter_rpg:spawner_fragment":2,"irons_spellbooks:scroll":1,"minecraft:charcoal":3,"byg:soapstone":6,"minecraft:redstone_block":1,"minecraft:turtle_helmet":1,"undead_unleashed:cursed_cloth":1,"minecraft:lead":1,"minecraft:potion":1,"minecraft:enchanted_book":1,"enigmaticlegacy:tattered_tome":1,"minecraft:stone_brick_stairs":3,"minecraft:amethyst_block":6,"forbidden_arcanus:xpetrified_orb":3,"minecraft:string":25,"apotheosis:epic_material":1,"skilltree:wisdom_scroll":1,"minecraft:smooth_stone_slab":2,"minecraft:netherite_scrap":2,"minecraft:zombie_head":1,"minecraft:experience_bottle":3,"irons_spellbooks:arcane_essence":10,"minecraft:gold_nugget":20,"minecraft:cobbled_deepslate":57,"minecraft:beef":1,"undead_unleashed:grave_metal_sword":2,"minecraft:calcite":2,"minecraft:iron_nugget":32,"minecraft:coal_block":7,"farmersdelight:ratatouille":1,"minecraft:piston":8,"minecraft:furnace":1,"apotheosis:gem":12,"minecraft:raw_iron":102,"minecraft:sandstone":3,"forbidden_arcanus:tentacle":1,"minecraft:torch":5,"minecraft:porkchop":3,"minecraft:diorite":1,"minecraft:trident":1,"minecraft:carrot":23,"minecraft:redstone":9,"minecraft:light_blue_bed":1,"minecraft:quartz_block":2,"minecraft:arrow":41,"minecraft:rotten_flesh":17,"aether:chainmail_gloves":1,"minecraft:gold_ingot":47,"supplementaries:ash":8,"forbidden_arcanus:spawner_scrap":5,"minecraft:mutton":2,"twigs:tangerine_seashell":1,"minecraft:iron_bars":2,"minecraft:cobblestone":24,"minecraft:glow_ink_sac":1,"minecraft:tripwire_hook":1,"ars_nouveau:source_berry":20,"minecraft:leather":6,"minecraft:chiseled_quartz_block":1,"majruszsdifficulty:tattered_helmet":1,"savage_and_ravage:creeper_spores":1,"minecraft:tuff":3,"minecraft:gunpowder":3,"minecraft:cobblestone_wall":1,"minecraft:wither_skeleton_skull":2,"minecraft:lapis_lazuli":26,"minecraft:bone":42,"minecraft:apple":16,"minecraft:stone_bricks":2,"alexsmobs:cockroach_wing_fragment":1,"minecraft:raw_gold":59,"iter_rpg:potsherd":2,"minecraft:iron_ingot":36,"forbidden_arcanus:rune":2,"galosphere:raw_silver":33,"twigs:twig":2,"apotheosis:gem_dust":4,"minecraft:iron_sword":1,"minecraft:book":1,"quark:light_gray_shard":9,"minecraft:smooth_basalt":2,"iter_rpg:spider_silk":1,"minecraft:sand":9,"minecraft:amethyst_shard":4,"undead_unleashed:grave_metal_scrap":41,"minecraft:spruce_log":21,"minecraft:spider_eye":2,"quark:blue_corundum_cluster":3,"minecraft:bundle":1,"forbidden_arcanus:arcane_crystal":7,"apotheosis:improved_scrap_tome":3,"minecraft:diamond":4,"iter_rpg:abyssquartz_shard":6,"minecraft:granite":9,"minecraft:golden_apple":2,"minecraft:bread":27,"undead_unleashed:grave_metal_axe":1,"minecraft:emerald":8,"twigs:rhyolite":1,"cisco_mod:brightsteel_ingot":1,"minecraft:coal":24},"minecraft:broken":{"immersive_armors:wooden_leggings":1,"immersive_armors:wooden_boots":1,"strictly_origins:damaged_durendal":1,"minecraft:iron_sword":1,"minecraft:iron_pickaxe":1},"minecraft:custom":{"enigmaticlegacy:play_time_with_seven_curses":0,"lootr:looted_stat":47,"minecraft:mob_kills":44,"goblintraders:trade_with_goblin":21,"minecraft:interact_with_crafting_table":12,"minecraft:eat_cake_slice":1,"minecraft:damage_dealt_resisted":95,"minecraft:time_since_death":5536,"minecraft:climb_one_cm":10178,"minecraft:damage_resisted":0,"minecraft:sprint_one_cm":132880,"minecraft:walk_one_cm":781655,"minecraft:damage_blocked_by_shield":2748,"minecraft:drop":89,"minecraft:talked_to_villager":2,"minecraft:play_time":178488,"minecraft:deaths":23,"minecraft:sneak_time":4210,"minecraft:walk_under_water_one_cm":18016,"minecraft:boat_one_cm":15009,"minecraft:jump":1668,"minecraft:walk_on_water_one_cm":30780,"minecraft:total_world_time":178488,"minecraft:interact_with_furnace":2,"enigmaticlegacy:play_time_without_seven_curses":177685,"minecraft:sleep_in_bed":1,"minecraft:time_since_rest":5573,"minecraft:damage_taken":17250,"minecraft:damage_absorbed":769,"minecraft:damage_dealt":33478,"minecraft:swim_one_cm":2134,"minecraft:fly_one_cm":221173,"minecraft:open_chest":1,"minecraft:crouch_one_cm":12811,"minecraft:fall_one_cm":34688,"minecraft:inspect_dispenser":2},"minecraft:killed_by":{"minecraft:player":10,"minecraft:creeper":1,"savage_and_ravage:creepie":1,"minecraft:skeleton":9,"minecraft:phantom":1,"enemyexpansion:invisicreeper":1},"minecraft:dropped":{"minecraft:iron_ingot":33,"minecraft:bread":27,"minecraft:iron_sword":1,"minecraft:piston":8,"minecraft:glow_ink_sac":1,"minecolonies:supplycampdeployer":1,"minecraft:cobblestone":4,"forbidden_arcanus:tentacle":1,"minecraft:book":1,"majruszsdifficulty:tattered_helmet":1,"minecraft:leather":10,"undead_unleashed:grave_metal_scrap":41,"minecraft:golden_apple":1,"quark:light_gray_shard":9,"minecraft:torch":7,"byg:soapstone":2,"forbidden_arcanus:spawner_scrap":1,"minecraft:iron_leggings":1,"irons_spellbooks:arcane_essence":6,"minecraft:gold_nugget":3,"minecraft:wooden_sword":1,"minecraft:pumpkin_pie":12,"minecraft:sand":9,"immersive_armors:wooden_chestplate":1,"minecraft:string":21,"minecraft:tripwire_hook":1,"iter_rpg:potsherd":2,"twigs:twig":2,"minecraft:gold_ingot":12,"minecraft:bone":5,"minecraft:redstone":9,"ars_nouveau:source_berry":20,"minecraft:cobbled_deepslate":1,"minecraft:smooth_stone_slab":2,"minecraft:tuff":2,"minecraft:rotten_flesh":15,"enigmaticlegacy:tattered_tome":1,"undead_unleashed:grave_metal_sword":1,"twigs:tangerine_seashell":1,"cisco_mod:brightsteel_ingot":1,"supplementaries:ash":8,"minecraft:turtle_helmet":1,"alexsmobs:cockroach_wing_fragment":1,"aether:chainmail_gloves":1,"minecraft:spruce_planks":14,"minecraft:bundle":2,"minecraft:charcoal":3,"minecraft:quartz_block":2,"minecraft:chainmail_boots":1,"iter_rpg:spider_silk":1,"farmersdelight:bacon_and_eggs":16,"minecraft:spider_eye":2,"minecraft:stone_bricks":2,"minecraft:sandstone":3,"minecraft:iron_bars":2,"farmersdelight:ratatouille":17,"minecraft:stone_brick_stairs":3}},"DataVersion":3120}