{"stats":{"minecraft:crafted":{"minecraft:crafting_table":1,"minecraft:spruce_planks":84,"minecraft:stick":4,"minecraft:wooden_axe":1},"minecraft:killed":{"minecraft:sheep":1,"minecraft:pillager":1,"minecraft:pig":2,"whisperwoods:moth":1,"minecraft:cow":1},"minecraft:mined":{"minecraft:spruce_planks":1,"minecraft:light_blue_bed":1,"minecraft:furnace":1,"minecraft:spruce_log":21,"minecraft:tall_grass":1,"minecraft:spruce_leaves":6,"minecraft:fern":1},"minecraft:used":{"minecraft:wooden_axe":24,"minecraft:iron_pickaxe":1,"minecraft:spruce_planks":4,"strictly_origins:damaged_durendal":26,"minecraft:golden_apple":1,"minecraft:wooden_sword":4,"minecraft:written_book":1,"minecraft:crafting_table":1,"alexsmobs:animal_dictionary":1},"minecraft:picked_up":{"minecraft:charcoal":3,"minecraft:tripwire_hook":1,"minecraft:leather":2,"minecraft:lead":1,"minecraft:porkchop":3,"minecraft:spruce_log":21,"minecraft:light_blue_bed":1,"minecraft:arrow":4,"minecraft:apple":5,"minecraft:beef":1,"minecraft:golden_apple":1,"minecraft:gold_ingot":4,"minecraft:emerald":2,"twigs:twig":2,"minecraft:mutton":2,"farmersdelight:ratatouille":1,"minecraft:furnace":1},"minecraft:custom":{"minecraft:time_since_rest":6393,"enigmaticlegacy:play_time_with_seven_curses":0,"lootr:looted_stat":10,"minecraft:sprint_one_cm":15150,"minecraft:damage_taken":1333,"minecraft:walk_one_cm":108699,"minecraft:mob_kills":6,"minecraft:drop":5,"minecraft:damage_dealt":1202,"enigmaticlegacy:play_time_without_seven_curses":34381,"minecraft:swim_one_cm":2134,"minecraft:interact_with_crafting_table":3,"minecraft:fly_one_cm":18301,"minecraft:crouch_one_cm":505,"minecraft:play_time":34488,"minecraft:deaths":3,"minecraft:sneak_time":285,"minecraft:walk_under_water_one_cm":3670,"minecraft:jump":170,"minecraft:time_since_death":8434,"minecraft:walk_on_water_one_cm":7110,"minecraft:sleep_in_bed":1,"minecraft:total_world_time":34488,"minecraft:fall_one_cm":2372},"minecraft:killed_by":{"minecraft:player":3},"minecraft:dropped":{"farmersdelight:bacon_and_eggs":16,"farmersdelight:ratatouille":17,"minecraft:tripwire_hook":1,"minecraft:golden_apple":1}},"DataVersion":3120}