{"stats":{"minecraft:crafted":{"minecraft:crafting_table":1,"minecraft:spruce_planks":84,"minecraft:stick":4,"minecraft:wooden_axe":1},"minecraft:killed":{"minecraft:pig":2,"minecraft:sheep":1,"minecraft:skeleton":2,"minecraft:pillager":1,"whisperwoods:moth":1,"minecraft:cow":1},"minecraft:mined":{"minecraft:spruce_planks":1,"minecraft:tall_grass":1,"minecraft:spruce_leaves":6,"minecraft:spawner":4,"minecraft:light_blue_bed":1,"minecraft:furnace":1,"minecraft:spruce_log":21,"minecraft:fern":1},"minecraft:used":{"minecraft:spruce_planks":4,"strictly_origins:damaged_durendal":100,"minecraft:golden_apple":3,"minecraft:crafting_table":1,"undead_unleashed:grave_metal_axe":44,"minecraft:wooden_axe":24,"minecraft:iron_pickaxe":5,"minecraft:wooden_sword":4,"minecraft:written_book":1,"alexsmobs:animal_dictionary":1},"minecraft:picked_up":{"iter_rpg:spawner_fragment":1,"minecraft:charcoal":3,"minecraft:tripwire_hook":1,"minecraft:leather":2,"minecraft:lead":1,"majruszsdifficulty:tattered_helmet":1,"minecraft:wither_skeleton_skull":1,"minecraft:bone":5,"minecraft:apple":5,"minecraft:beef":1,"twigs:twig":2,"farmersdelight:ratatouille":1,"minecraft:furnace":1,"minecraft:porkchop":3,"undead_unleashed:grave_metal_scrap":19,"minecraft:spruce_log":21,"minecraft:light_blue_bed":1,"minecraft:arrow":11,"apotheosis:improved_scrap_tome":3,"minecraft:golden_apple":1,"undead_unleashed:grave_metal_axe":1,"minecraft:gold_ingot":4,"minecraft:emerald":2,"minecraft:mutton":2,"forbidden_arcanus:spawner_scrap":3},"minecraft:broken":{"immersive_armors:wooden_leggings":1,"strictly_origins:damaged_durendal":1,"immersive_armors:wooden_boots":1},"minecraft:custom":{"enigmaticlegacy:play_time_with_seven_curses":0,"lootr:looted_stat":14,"minecraft:interact_with_furnace":1,"minecraft:mob_kills":8,"enigmaticlegacy:play_time_without_seven_curses":46215,"minecraft:interact_with_crafting_table":3,"minecraft:damage_dealt_resisted":0,"minecraft:time_since_death":6158,"minecraft:sleep_in_bed":1,"minecraft:climb_one_cm":7787,"minecraft:damage_resisted":0,"minecraft:time_since_rest":6182,"minecraft:sprint_one_cm":16625,"minecraft:walk_one_cm":165409,"minecraft:damage_taken":4072,"minecraft:damage_absorbed":76,"minecraft:drop":11,"minecraft:damage_dealt":7385,"minecraft:swim_one_cm":2134,"minecraft:fly_one_cm":20707,"minecraft:crouch_one_cm":4102,"minecraft:play_time":46488,"minecraft:deaths":8,"minecraft:sneak_time":749,"minecraft:walk_under_water_one_cm":3670,"minecraft:jump":208,"minecraft:walk_on_water_one_cm":7110,"minecraft:total_world_time":46488,"minecraft:fall_one_cm":2372},"minecraft:killed_by":{"minecraft:player":6,"minecraft:skeleton":2},"minecraft:dropped":{"majruszsdifficulty:tattered_helmet":1,"minecraft:golden_apple":1,"minecraft:torch":7,"minecraft:charcoal":3,"farmersdelight:bacon_and_eggs":16,"minecraft:wooden_sword":1,"farmersdelight:ratatouille":17,"immersive_armors:wooden_chestplate":1,"minecraft:tripwire_hook":1,"twigs:twig":2}},"DataVersion":3120}