{"stats":{"minecraft:picked_up":{"iter_rpg:spawner_fragment":5,"irons_spellbooks:scroll":1,"sophisticatedbackpacks:gold_backpack":1,"minecraft:iron_chestplate":1,"enigmaticlegacy:corrupted_tome":5,"minecraft:diamond_sword":1,"minecraft:potato":1,"enigmaticlegacy:tattered_tome":1,"minecraft:stone_brick_stairs":2,"minecraft:oak_log":10,"minecraft:dirt":1,"minecraft:string":15,"apotheosis:epic_material":1,"minecraft:name_tag":1,"minecraft:iron_leggings":1,"minecraft:bone":20,"majruszsaccessories:miner_guide":1,"minecraft:stone_bricks":1,"minecraft:cracked_stone_bricks":8,"minecraft:mossy_stone_bricks":2,"minecraft:iron_nugget":2,"minecraft:iron_pickaxe":1,"apotheosis:gem_dust":2,"minecraft:mossy_stone_brick_stairs":1,"minecraft:spruce_trapdoor":2,"minecraft:book":6,"apotheosis:gem":2,"irons_spellbooks:frozen_bone":4,"enigmaticlegacy:iron_ring":2,"minecraft:bowl":3,"minecraft:diorite":9,"minecraft:redstone":3,"minecraft:spider_eye":1,"minecraft:mossy_cobblestone":17,"minecraft:leather_helmet":1,"minecraft:quartz_block":8,"minecraft:stone_sword":1,"minecraft:arrow":2,"minecraft:diamond_chestplate":1,"majruszsaccessories:lucky_rock":1,"minecraft:nether_bricks":1,"minecraft:chainmail_leggings":1,"minecraft:diamond_boots":1,"minecraft:diamond_axe":1,"minecraft:mossy_cobblestone_stairs":3,"immersive_armors:heavy_boots":3,"supplementaries:ash":33,"forbidden_arcanus:spawner_scrap":9,"minecraft:coal":24,"cisco_mod:brightsteel_ingot":2,"minecraft:cobblestone":2,"minecraft:diamond_pickaxe":1},"minecraft:mined":{"minecraft:quartz_block":2,"minecraft:mossy_cobblestone":11,"minecraft:nether_bricks":1,"minecraft:grass_block":1,"minecraft:spruce_leaves":1,"minecraft:spawner":6,"minecraft:mossy_cobblestone_stairs":2,"minecraft:mossy_stone_brick_stairs":1,"minecraft:vine":2,"minecraft:oak_log":5,"minecraft:cracked_stone_bricks":5,"minecraft:stone":2,"minecraft:mossy_stone_bricks":5,"minecraft:oak_leaves":1,"minecraft:tripwire":3},"minecraft:broken":{"minecraft:leather_helmet":1},"minecraft:used":{"minecraft:iron_sword":10,"minecraft:diamond_axe":25,"minecraft:mossy_cobblestone":1,"minecraft:carrot":8,"minecraft:diamond_pickaxe":1,"minecraft:apple":7,"minecraft:bread":2,"minecraft:iron_pickaxe":39,"immersive_armors:heavy_boots":1,"minecraft:diamond_sword":45},"minecraft:dropped":{"minecraft:stone_sword":1,"minecraft:mossy_cobblestone":2,"minecraft:oak_planks":20,"enigmaticlegacy:tattered_tome":1,"minecraft:name_tag":1,"enigmaticlegacy:iron_ring":1,"enigmaticlegacy:corrupted_tome":4,"minecraft:coal":24,"irons_spellbooks:scroll":1,"supplementaries:ash":26,"minecraft:potato":10,"minecraft:gunpowder":39,"immersive_armors:heavy_boots":3,"minecraft:quartz_block":8,"apotheosis:gem":1,"minecraft:iron_shovel":1,"minecraft:string":7,"minecraft:gold_ingot":3,"minecraft:bone":15},"minecraft:crafted":{"minecraft:oak_planks":20},"minecraft:killed":{"minecraft:spider":3,"iter_rpg:peeper":1,"iter_rpg:spiderling":4,"minecraft:silverfish":3},"minecraft:killed_by":{"minecraft:player":3,"minecraft:silverfish":2,"minecraft:cave_spider":1,"minecraft:skeleton":2,"majruszsdifficulty:cursed_armor":6,"iter_rpg:spiderling":1},"minecraft:custom":{"enigmaticlegacy:play_time_with_seven_curses":0,"lootr:looted_stat":27,"minecraft:mob_kills":12,"enigmaticlegacy:play_time_without_seven_curses":65703,"minecraft:open_barrel":2,"minecraft:damage_dealt_resisted":84,"minecraft:leave_game":3,"minecraft:time_since_death":7606,"minecraft:climb_one_cm":388,"minecraft:damage_resisted":17,"minecraft:time_since_rest":7672,"minecraft:sprint_one_cm":38594,"minecraft:walk_one_cm":166739,"minecraft:damage_taken":4354,"minecraft:drop":64,"minecraft:damage_dealt":3841,"minecraft:swim_one_cm":3021,"minecraft:fly_one_cm":19229,"minecraft:crouch_one_cm":2968,"minecraft:play_time":66654,"minecraft:deaths":16,"minecraft:sneak_time":1342,"minecraft:walk_under_water_one_cm":11688,"minecraft:jump":257,"minecraft:walk_on_water_one_cm":11807,"minecraft:total_world_time":66654,"minecraft:fall_one_cm":4973}},"DataVersion":3120}