{"stats":{"minecraft:picked_up":{"iter_rpg:spawner_fragment":4,"irons_spellbooks:scroll":1,"sophisticatedbackpacks:gold_backpack":1,"minecraft:iron_chestplate":1,"enigmaticlegacy:corrupted_tome":1,"minecraft:diamond_sword":1,"minecraft:potato":1,"minecraft:stone_brick_stairs":2,"minecraft:oak_log":10,"minecraft:dirt":1,"minecraft:string":13,"apotheosis:epic_material":1,"minecraft:name_tag":1,"minecraft:iron_leggings":1,"minecraft:bone":10,"majruszsaccessories:miner_guide":1,"minecraft:stone_bricks":1,"minecraft:cracked_stone_bricks":7,"minecraft:iron_nugget":2,"minecraft:iron_pickaxe":1,"apotheosis:gem_dust":2,"minecraft:mossy_stone_brick_stairs":1,"minecraft:spruce_trapdoor":2,"minecraft:book":6,"apotheosis:gem":2,"irons_spellbooks:frozen_bone":4,"enigmaticlegacy:iron_ring":1,"minecraft:bowl":3,"minecraft:diorite":9,"minecraft:redstone":3,"minecraft:mossy_cobblestone":12,"minecraft:leather_helmet":1,"minecraft:stone_sword":1,"minecraft:arrow":2,"minecraft:diamond_chestplate":1,"majruszsaccessories:lucky_rock":1,"minecraft:chainmail_leggings":1,"minecraft:diamond_boots":1,"minecraft:diamond_axe":1,"minecraft:mossy_cobblestone_stairs":3,"supplementaries:ash":14,"forbidden_arcanus:spawner_scrap":9,"minecraft:coal":24,"cisco_mod:brightsteel_ingot":2,"minecraft:cobblestone":1,"minecraft:diamond_pickaxe":1},"minecraft:mined":{"minecraft:mossy_cobblestone":2,"minecraft:grass_block":1,"minecraft:spruce_leaves":1,"minecraft:spawner":5,"minecraft:mossy_cobblestone_stairs":2,"minecraft:oak_log":5,"minecraft:cracked_stone_bricks":5,"minecraft:mossy_stone_bricks":3,"minecraft:oak_leaves":1,"minecraft:tripwire":3},"minecraft:broken":{"minecraft:leather_helmet":1},"minecraft:used":{"minecraft:diamond_axe":25,"minecraft:carrot":8,"minecraft:diamond_pickaxe":1,"minecraft:apple":7,"minecraft:bread":2,"minecraft:iron_pickaxe":19,"immersive_armors:heavy_boots":1,"minecraft:diamond_sword":45},"minecraft:dropped":{"minecraft:stone_sword":1,"minecraft:mossy_cobblestone":2,"minecraft:oak_planks":20,"minecraft:name_tag":1,"minecraft:coal":24,"irons_spellbooks:scroll":1,"supplementaries:ash":7,"minecraft:potato":10,"minecraft:gunpowder":39,"apotheosis:gem":1,"minecraft:iron_shovel":1,"minecraft:string":7,"minecraft:gold_ingot":3,"minecraft:bone":5},"minecraft:crafted":{"minecraft:oak_planks":20},"minecraft:killed":{"minecraft:spider":1,"iter_rpg:peeper":1,"iter_rpg:spiderling":4,"minecraft:silverfish":3},"minecraft:killed_by":{"minecraft:player":3,"minecraft:silverfish":2,"minecraft:skeleton":2,"majruszsdifficulty:cursed_armor":6,"iter_rpg:spiderling":1},"minecraft:custom":{"enigmaticlegacy:play_time_with_seven_curses":0,"lootr:looted_stat":23,"minecraft:mob_kills":10,"enigmaticlegacy:play_time_without_seven_curses":53982,"minecraft:open_barrel":2,"minecraft:damage_dealt_resisted":84,"minecraft:leave_game":3,"minecraft:time_since_death":6919,"minecraft:climb_one_cm":360,"minecraft:damage_resisted":0,"minecraft:time_since_rest":6955,"minecraft:sprint_one_cm":38559,"minecraft:walk_one_cm":148699,"minecraft:damage_taken":3825,"minecraft:drop":25,"minecraft:damage_dealt":2742,"minecraft:swim_one_cm":3021,"minecraft:fly_one_cm":19106,"minecraft:crouch_one_cm":2701,"minecraft:play_time":54654,"minecraft:deaths":14,"minecraft:sneak_time":1082,"minecraft:walk_under_water_one_cm":11688,"minecraft:jump":241,"minecraft:walk_on_water_one_cm":11807,"minecraft:total_world_time":54654,"minecraft:fall_one_cm":4973}},"DataVersion":3120}