{"stats":{"minecraft:picked_up":{"iter_rpg:spawner_fragment":1,"irons_spellbooks:scroll":1,"sophisticatedbackpacks:gold_backpack":1,"minecraft:iron_chestplate":1,"minecraft:diamond_sword":1,"minecraft:potato":1,"minecraft:oak_log":10,"minecraft:dirt":1,"minecraft:string":13,"apotheosis:epic_material":1,"minecraft:name_tag":1,"minecraft:iron_leggings":1,"minecraft:bone":10,"majruszsaccessories:miner_guide":1,"minecraft:stone_bricks":1,"minecraft:iron_nugget":2,"minecraft:iron_pickaxe":1,"apotheosis:gem_dust":2,"minecraft:spruce_trapdoor":2,"minecraft:book":6,"apotheosis:gem":2,"irons_spellbooks:frozen_bone":4,"enigmaticlegacy:iron_ring":1,"minecraft:bowl":3,"minecraft:redstone":3,"minecraft:mossy_cobblestone":4,"minecraft:leather_helmet":1,"minecraft:stone_sword":1,"minecraft:arrow":2,"minecraft:diamond_chestplate":1,"majruszsaccessories:lucky_rock":1,"minecraft:chainmail_leggings":1,"minecraft:diamond_boots":1,"minecraft:diamond_axe":1,"forbidden_arcanus:spawner_scrap":4,"minecraft:coal":24,"cisco_mod:brightsteel_ingot":2,"minecraft:cobblestone":1,"minecraft:diamond_pickaxe":1},"minecraft:mined":{"minecraft:grass_block":1,"minecraft:spruce_leaves":1,"minecraft:spawner":2,"minecraft:oak_log":5,"minecraft:oak_leaves":1,"minecraft:tripwire":3},"minecraft:broken":{"minecraft:leather_helmet":1},"minecraft:used":{"minecraft:diamond_axe":25,"minecraft:carrot":8,"minecraft:apple":7,"minecraft:bread":1,"minecraft:iron_pickaxe":4,"minecraft:diamond_sword":36},"minecraft:dropped":{"minecraft:stone_sword":1,"minecraft:mossy_cobblestone":2,"minecraft:oak_planks":20,"minecraft:name_tag":1,"minecraft:coal":24,"irons_spellbooks:scroll":1,"minecraft:potato":10,"minecraft:gunpowder":39,"apotheosis:gem":1,"minecraft:iron_shovel":1,"minecraft:string":7,"minecraft:gold_ingot":3,"minecraft:bone":5},"minecraft:crafted":{"minecraft:oak_planks":20},"minecraft:killed":{"iter_rpg:peeper":1,"iter_rpg:spiderling":4,"minecraft:silverfish":3},"minecraft:killed_by":{"minecraft:player":1,"minecraft:silverfish":2,"majruszsdifficulty:cursed_armor":5,"iter_rpg:spiderling":1},"minecraft:custom":{"enigmaticlegacy:play_time_with_seven_curses":0,"lootr:looted_stat":19,"minecraft:mob_kills":9,"enigmaticlegacy:play_time_without_seven_curses":42257,"minecraft:open_barrel":2,"minecraft:damage_dealt_resisted":84,"minecraft:leave_game":3,"minecraft:time_since_death":6663,"minecraft:climb_one_cm":249,"minecraft:damage_resisted":0,"minecraft:time_since_rest":6697,"minecraft:sprint_one_cm":26151,"minecraft:walk_one_cm":125420,"minecraft:damage_taken":2944,"minecraft:drop":18,"minecraft:damage_dealt":1960,"minecraft:swim_one_cm":3021,"minecraft:fly_one_cm":17634,"minecraft:crouch_one_cm":2410,"minecraft:play_time":42654,"minecraft:deaths":9,"minecraft:sneak_time":996,"minecraft:walk_under_water_one_cm":11688,"minecraft:jump":198,"minecraft:walk_on_water_one_cm":11466,"minecraft:total_world_time":42654,"minecraft:fall_one_cm":3105}},"DataVersion":3120}