{"stats":{"minecraft:picked_up":{"sophisticatedbackpacks:gold_backpack":1,"irons_spellbooks:scroll":1,"minecraft:iron_chestplate":1,"apotheosis:gem":2,"enigmaticlegacy:iron_ring":1,"minecraft:bowl":3,"minecraft:potato":1,"minecraft:oak_log":10,"apotheosis:epic_material":1,"minecraft:string":9,"minecraft:mossy_cobblestone":2,"minecraft:dirt":1,"minecraft:leather_helmet":1,"minecraft:name_tag":1,"minecraft:iron_leggings":1,"minecraft:stone_sword":1,"minecraft:bone":2,"majruszsaccessories:miner_guide":1,"majruszsaccessories:lucky_rock":1,"minecraft:diamond_axe":1,"minecraft:iron_nugget":2,"minecraft:iron_pickaxe":1,"apotheosis:gem_dust":1,"cisco_mod:brightsteel_ingot":2,"minecraft:spruce_trapdoor":2,"forbidden_arcanus:spawner_scrap":2,"minecraft:coal":24,"minecraft:book":6},"minecraft:mined":{"minecraft:oak_log":5,"minecraft:grass_block":1,"minecraft:spruce_leaves":1,"minecraft:oak_leaves":1,"minecraft:spawner":2},"minecraft:broken":{"minecraft:leather_helmet":1},"minecraft:used":{"minecraft:iron_pickaxe":2,"minecraft:diamond_axe":21,"minecraft:carrot":8},"minecraft:dropped":{"irons_spellbooks:scroll":1,"minecraft:potato":10,"minecraft:gunpowder":39,"minecraft:stone_sword":1,"minecraft:mossy_cobblestone":2,"apotheosis:gem":1,"minecraft:oak_planks":20,"minecraft:name_tag":1,"minecraft:iron_shovel":1,"minecraft:string":7,"minecraft:coal":24,"minecraft:gold_ingot":3,"minecraft:bone":5},"minecraft:crafted":{"minecraft:oak_planks":20},"minecraft:killed":{"minecraft:silverfish":3,"iter_rpg:spiderling":3},"minecraft:killed_by":{"majruszsdifficulty:cursed_armor":5,"minecraft:player":1,"minecraft:silverfish":2},"minecraft:custom":{"minecraft:time_since_rest":941,"enigmaticlegacy:play_time_with_seven_curses":0,"lootr:looted_stat":10,"minecraft:sprint_one_cm":21589,"minecraft:damage_taken":2270,"minecraft:walk_one_cm":104163,"minecraft:mob_kills":6,"minecraft:drop":18,"minecraft:damage_dealt":1233,"enigmaticlegacy:play_time_without_seven_curses":31902,"minecraft:fly_one_cm":15858,"minecraft:open_barrel":1,"minecraft:crouch_one_cm":2039,"minecraft:play_time":32265,"minecraft:deaths":8,"minecraft:sneak_time":562,"minecraft:walk_under_water_one_cm":9088,"minecraft:jump":132,"minecraft:damage_dealt_resisted":84,"minecraft:leave_game":3,"minecraft:walk_on_water_one_cm":2299,"minecraft:time_since_death":895,"minecraft:total_world_time":32265,"minecraft:fall_one_cm":2896}},"DataVersion":3120}