{"stats":{"minecraft:picked_up":{"sophisticatedbackpacks:gold_backpack":1,"irons_spellbooks:scroll":1,"minecraft:iron_chestplate":1,"enigmaticlegacy:iron_ring":1,"minecraft:bowl":2,"minecraft:potato":1,"minecraft:oak_log":10,"minecraft:string":6,"minecraft:mossy_cobblestone":2,"minecraft:dirt":1,"minecraft:leather_helmet":1,"minecraft:name_tag":1,"minecraft:iron_leggings":1,"minecraft:stone_sword":1,"majruszsaccessories:miner_guide":1,"majruszsaccessories:lucky_rock":1,"minecraft:diamond_axe":1,"minecraft:iron_pickaxe":1,"minecraft:coal":24},"minecraft:mined":{"minecraft:oak_log":5,"minecraft:grass_block":1,"minecraft:spruce_leaves":1,"minecraft:oak_leaves":1},"minecraft:used":{"minecraft:diamond_axe":8,"minecraft:carrot":8},"minecraft:dropped":{"irons_spellbooks:scroll":1,"minecraft:potato":10,"minecraft:gunpowder":39,"minecraft:stone_sword":1,"minecraft:mossy_cobblestone":2,"apotheosis:gem":1,"minecraft:oak_planks":20,"minecraft:name_tag":1,"minecraft:iron_shovel":1,"minecraft:string":6,"minecraft:coal":24,"minecraft:gold_ingot":3,"minecraft:bone":5},"minecraft:crafted":{"minecraft:oak_planks":20},"minecraft:killed_by":{"majruszsdifficulty:cursed_armor":5,"minecraft:player":1},"minecraft:custom":{"minecraft:time_since_rest":5354,"enigmaticlegacy:play_time_with_seven_curses":0,"lootr:looted_stat":9,"minecraft:sprint_one_cm":17541,"minecraft:damage_taken":1707,"minecraft:walk_one_cm":88709,"minecraft:drop":17,"minecraft:damage_dealt":308,"enigmaticlegacy:play_time_without_seven_curses":27684,"minecraft:fly_one_cm":12522,"minecraft:crouch_one_cm":730,"minecraft:play_time":27972,"minecraft:deaths":6,"minecraft:sneak_time":222,"minecraft:walk_under_water_one_cm":9048,"minecraft:jump":99,"minecraft:damage_dealt_resisted":84,"minecraft:leave_game":2,"minecraft:walk_on_water_one_cm":1701,"minecraft:time_since_death":5321,"minecraft:total_world_time":27972,"minecraft:fall_one_cm":2084}},"DataVersion":3120}