{"stats":{"minecraft:picked_up":{"iter_rpg:spawner_fragment":5,"irons_spellbooks:scroll":1,"minecraft:birch_log":7,"sophisticatedbackpacks:gold_backpack":1,"minecraft:iron_chestplate":1,"minecraft:anvil":1,"minecraft:golden_carrot":3,"enigmaticlegacy:corrupted_tome":5,"minecolonies:scroll_buff":16,"minecraft:diamond_sword":1,"minecraft:potato":1,"enigmaticlegacy:tattered_tome":2,"minecraft:stone_brick_stairs":2,"minecraft:oak_log":10,"minecraft:dirt":3,"minecraft:string":16,"apotheosis:epic_material":1,"minecraft:name_tag":1,"minecraft:chipped_anvil":1,"minecraft:iron_leggings":1,"minecraft:bone":20,"majruszsaccessories:miner_guide":2,"minecraft:stone_bricks":1,"minecraft:cracked_stone_bricks":8,"minecraft:diamond_leggings":1,"minecraft:mossy_stone_bricks":2,"minecraft:iron_nugget":2,"minecraft:iron_pickaxe":3,"minecraft:diamond_helmet":1,"apotheosis:gem_dust":2,"minecraft:mossy_stone_brick_stairs":1,"minecraft:spruce_trapdoor":2,"minecraft:music_disc_chirp":1,"minecraft:book":6,"apotheosis:gem":3,"irons_spellbooks:frozen_bone":4,"enigmaticlegacy:iron_ring":2,"minecraft:bowl":3,"minecraft:diorite":9,"minecraft:redstone":3,"mutantmonsters:hulk_hammer":1,"minecraft:spider_eye":1,"minecraft:mossy_cobblestone":21,"minecraft:leather_helmet":1,"minecraft:rotten_flesh":6,"forbidden_arcanus:arcane_crystal":3,"minecraft:slime_ball":8,"minecraft:quartz_block":8,"minecraft:stone_sword":1,"minecraft:arrow":2,"minecraft:diamond_chestplate":1,"ringsofascension:ring_strength":1,"majruszsaccessories:lucky_rock":1,"minecraft:nether_bricks":15,"minecraft:chainmail_leggings":1,"minecraft:diamond_boots":1,"minecraft:emerald":1,"minecraft:diamond_axe":1,"minecraft:bread":2,"minecraft:mossy_cobblestone_stairs":3,"immersive_armors:heavy_boots":3,"minecraft:ender_pearl":5,"supplementaries:ash":33,"twigs:rhyolite":2,"forbidden_arcanus:spawner_scrap":10,"minecraft:coal":24,"cisco_mod:brightsteel_ingot":2,"minecraft:cobblestone":2,"minecraft:diamond_pickaxe":1},"minecraft:mined":{"minecraft:quartz_block":2,"minecraft:mossy_cobblestone":13,"minecraft:nether_bricks":18,"minecraft:grass_block":1,"minecraft:cobblestone":1,"minecraft:spruce_leaves":1,"minecraft:diorite":2,"minecraft:spawner":7,"forbidden_arcanus:arcane_crystal_ore":2,"forbidden_arcanus:deepslate_arcane_crystal_ore":1,"minecraft:mossy_cobblestone_stairs":2,"minecraft:birch_log":7,"minecraft:blue_ice":8,"minecraft:mossy_stone_brick_stairs":1,"minecraft:vine":2,"minecraft:oak_log":5,"minecraft:dirt":2,"minecraft:chipped_anvil":1,"minecraft:cracked_stone_bricks":5,"twigs:rhyolite":2,"minecraft:stone":6,"minecraft:mossy_stone_bricks":5,"minecraft:oak_leaves":1,"minecraft:tripwire":3},"minecraft:broken":{"minecraft:leather_helmet":1},"minecraft:used":{"minecraft:iron_sword":10,"minecraft:diamond_axe":32,"minecraft:golden_apple":7,"minecraft:mossy_cobblestone":1,"minecraft:anvil":1,"minecraft:nether_bricks":13,"minecraft:carrot":8,"twigs:rhyolite":2,"minecraft:diamond_pickaxe":4,"minecraft:apple":7,"minecraft:bread":8,"minecraft:iron_pickaxe":79,"immersive_armors:heavy_boots":1,"minecraft:diamond_sword":349,"minecraft:golden_carrot":2},"minecraft:dropped":{"minecraft:bread":2,"minecraft:music_disc_chirp":1,"minecolonies:scroll_buff":16,"minecraft:stone_sword":1,"minecraft:ender_pearl":2,"minecraft:mossy_cobblestone":6,"minecraft:diamond_leggings":2,"minecraft:rotten_flesh":6,"minecraft:oak_planks":20,"enigmaticlegacy:tattered_tome":2,"minecraft:name_tag":1,"enigmaticlegacy:iron_ring":1,"enigmaticlegacy:corrupted_tome":4,"minecraft:coal":24,"minecraft:emerald":1,"irons_spellbooks:scroll":1,"supplementaries:ash":33,"minecraft:potato":10,"minecraft:gunpowder":39,"minecraft:golden_carrot":3,"minecraft:iron_chestplate":1,"immersive_armors:heavy_boots":4,"minecraft:quartz_block":8,"apotheosis:gem":1,"minecraft:slime_ball":8,"minecraft:iron_leggings":1,"minecraft:iron_pickaxe":2,"minecraft:birch_log":7,"minecraft:iron_shovel":1,"minecraft:string":7,"irons_spellbooks:frozen_bone":4,"minecraft:gold_ingot":8,"minecraft:bone":19},"minecraft:crafted":{"minecraft:oak_planks":20},"minecraft:killed_by":{"minecraft:player":3,"minecraft:silverfish":2,"minecraft:cave_spider":1,"minecraft:skeleton":2,"majruszsdifficulty:cursed_armor":6,"iter_rpg:spiderling":1},"minecraft:killed":{"minecraft:cave_spider":1,"minecraft:witch":2,"minecraft:spider":3,"iter_rpg:peeper":1,"iter_rpg:spiderling":5,"majruszsdifficulty:cursed_armor":9,"minecraft:zombie":2,"sons_of_sins:betrayed_guzzler":1,"minecraft:silverfish":3,"mutantmonsters:mutant_zombie":1,"minecraft:enderman":1},"minecraft:custom":{"enigmaticlegacy:play_time_with_seven_curses":0,"lootr:looted_stat":48,"minecraft:interact_with_anvil":4,"minecraft:mob_kills":26,"enigmaticlegacy:play_time_without_seven_curses":110317,"minecraft:open_barrel":2,"minecraft:damage_dealt_resisted":84,"minecraft:leave_game":4,"minecraft:time_since_death":52220,"minecraft:climb_one_cm":2506,"minecraft:damage_resisted":17,"minecraft:time_since_rest":52286,"minecraft:damage_absorbed":200,"minecraft:sprint_one_cm":61207,"minecraft:walk_one_cm":308480,"minecraft:damage_taken":5638,"minecraft:drop":90,"minecraft:damage_dealt":26007,"minecraft:swim_one_cm":3021,"minecraft:fly_one_cm":40728,"minecraft:crouch_one_cm":4082,"minecraft:play_time":111268,"minecraft:deaths":16,"minecraft:sneak_time":1735,"minecraft:walk_under_water_one_cm":16027,"minecraft:jump":588,"minecraft:walk_on_water_one_cm":35577,"minecraft:total_world_time":111268,"minecraft:fall_one_cm":11811}},"DataVersion":3120}