{"stats":{"minecraft:crafted":{"minecraft:crafting_table":1,"minecraft:spruce_planks":60,"minecraft:stick":4,"minecraft:wooden_axe":1},"minecraft:killed":{"minecraft:cat":1,"minecraft:pillager":4,"minecraft:zombie":1,"minecraft:pig":1,"minecraft:vindicator":1,"minecraft:spider":1,"undead_unleashed:haunter":1,"minecraft:creeper":2},"minecraft:mined":{"minecraft:spruce_planks":4,"minecraft:magenta_bed":1,"minecraft:spruce_log":15,"minecraft:spruce_leaves":4},"minecraft:used":{"farmersdelight:bacon_and_eggs":3,"minecraft:wooden_axe":18,"minecraft:spruce_planks":18,"minecraft:spruce_sapling":4,"minecraft:wooden_sword":5,"minecraft:crafting_table":1,"alexsmobs:animal_dictionary":1,"minecraft:cooked_beef":1},"minecraft:picked_up":{"minecraft:charcoal":2,"alexsmobs:cachalot_whale_tooth":1,"minecraft:spruce_sapling":4,"minecraft:magenta_bed":1,"minecraft:ink_sac":1,"minecraft:spruce_log":15,"minecraft:string":1,"minecraft:lantern":1,"farmersdelight:bacon_and_eggs":16,"minecraft:wooden_sword":1,"minecraft:arrow":4,"minecraft:spruce_planks":5,"minecraft:emerald":1,"twigs:twig":8,"farmersdelight:ratatouille":16},"minecraft:custom":{"minecraft:time_since_rest":22294,"enigmaticlegacy:play_time_with_seven_curses":0,"minecraft:interact_with_furnace":1,"lootr:looted_stat":10,"minecraft:sprint_one_cm":48249,"minecraft:damage_taken":875,"minecraft:walk_one_cm":74143,"minecraft:mob_kills":12,"minecraft:drop":6,"minecraft:damage_dealt":561,"enigmaticlegacy:play_time_without_seven_curses":38604,"minecraft:interact_with_crafting_table":1,"minecraft:swim_one_cm":15918,"minecraft:fly_one_cm":50680,"minecraft:player_kills":3,"minecraft:crouch_one_cm":879,"minecraft:play_time":38637,"minecraft:deaths":1,"minecraft:sneak_time":646,"minecraft:walk_under_water_one_cm":6866,"minecraft:jump":210,"minecraft:time_since_death":22261,"minecraft:walk_on_water_one_cm":3232,"minecraft:interact_with_smoker":1,"minecraft:total_world_time":38637,"minecraft:fall_one_cm":3455},"minecraft:killed_by":{"alexsmobs:cachalot_whale":1},"minecraft:dropped":{"minecraft:ink_sac":1,"minecraft:bowl":2,"minecraft:wooden_sword":1,"minecraft:apple":5,"minecraft:gold_ingot":4}},"DataVersion":3120}