{"stats":{"minecraft:picked_up":{"minecolonies:supplycampdeployer":1,"irons_spellbooks:scroll":1,"minecraft:iron_chestplate":2,"minecraft:wheat":2,"enigmaticlegacy:corrupted_tome":2,"minecraft:chainmail_boots":2,"minecraft:stone_slab":1,"minecraft:flower_pot":6,"minecraft:suspicious_stew":3,"minecraft:diamond_sword":1,"minecraft:lead":3,"aether:iron_gloves":1,"minecraft:enchanted_book":2,"forbidden_arcanus:xpetrified_orb":10,"minecraft:string":182,"apotheosis:epic_material":2,"minecraft:iron_leggings":4,"minecraft:experience_bottle":10,"minecraft:zombie_head":2,"irons_spellbooks:arcane_essence":2,"minecraft:diamond_leggings":7,"darkerdepths:dry_sprouts":17,"minecraft:cobbled_deepslate":44,"bosses_of_mass_destruction:soul_star":3,"minecraft:spruce_planks":84,"undead_unleashed:grave_metal_sword":8,"minecraft:cobblestone_slab":1,"minecraft:iron_pickaxe":1,"minecraft:smooth_quartz":1,"farmersdelight:ratatouille":16,"apotheosis:rare_material":5,"minecraft:tipped_arrow":140,"minecraft:stick":1,"apotheosis:gem":35,"minecraft:torch":12,"minecraft:sandstone_wall":1,"minecraft:porkchop":8,"minecraft:diorite":4,"minecraft:stone_sword":4,"minecraft:rotten_flesh":109,"aether:chainmail_gloves":1,"supplementaries:antique_ink":2,"iter_rpg:gobsteel_scrap":2,"supplementaries:ash":16,"majruszsdifficulty:undead_army_treasure_bag":1,"twigs:tangerine_seashell":1,"minecraft:iron_bars":4,"minecraft:cobblestone":182,"minecraft:magma_block":1,"minecraft:birch_log":18,"majruszsaccessories:tool_scraps":3,"minecraft:leather_chestplate":9,"minecraft:andesite":18,"ars_nouveau:source_berry":20,"minecraft:golden_leggings":1,"minecraft:chiseled_quartz_block":7,"minecraft:potato":9,"minecraft:magenta_bed":1,"minecraft:wither_skeleton_skull":4,"minecraft:lapis_lazuli":75,"minecraft:dirt":4,"lootr:trophy":2,"minecraft:lantern":1,"aquamirae:fin":2,"minecraft:name_tag":2,"minecraft:leather_boots":7,"minecraft:bone":132,"majruszsaccessories:miner_guide":3,"minecraft:bow":3,"minecraft:wheat_seeds":1,"minecraft:raw_gold":33,"minecraft:mossy_stone_bricks":34,"minecraft:diamond_helmet":3,"galosphere:raw_silver":1,"twigs:twig":8,"minecraft:mossy_stone_brick_stairs":2,"iter_rpg:cracked_hivestone":4,"irons_spellbooks:frozen_bone":15,"enigmaticlegacy:iron_ring":1,"iter_rpg:spider_silk":10,"minecraft:nether_brick_stairs":5,"minecraft:ink_sac":1,"minecraft:mossy_cobblestone":54,"sons_of_sins:flesh_of_demise":1,"enigmaticlegacy:earth_heart":1,"minecraft:polished_andesite":3,"minecraft:light_gray_concrete":6,"ringsofascension:ring_strength":1,"minecraft:diamond":3,"minecraft:spruce_boat":4,"iter_rpg:abyssquartz_shard":7,"minecraft:granite":7,"iter_rpg:hivestone_slab":2,"minecraft:spruce_button":4,"minecraft:golden_apple":3,"minecraft:chainmail_helmet":2,"minecraft:bread":50,"minecraft:emerald":7,"minecraft:netherrack":1,"minecraft:diamond_pickaxe":1,"cisco_mod:brightsteel_ingot":6,"sophisticatedbackpacks:gold_backpack":1,"iter_rpg:spawner_fragment":12,"minecraft:charcoal":15,"majruszsdifficulty:tattered_boots":3,"minecraft:coarse_dirt":2,"byg:soapstone":11,"minecraft:chicken":1,"minecolonies:scroll_buff":31,"minecraft:turtle_helmet":4,"minecraft:leather_leggings":4,"byg:tall_pink_allium":2,"minecraft:wooden_pickaxe":2,"minecraft:gold_block":1,"enigmaticlegacy:tattered_tome":6,"minecraft:shield":7,"minecraft:cornflower":1,"minecraft:oak_trapdoor":1,"minecraft:iron_axe":1,"minecraft:wooden_sword":1,"minecraft:netherite_scrap":3,"minecraft:compass":2,"minecraft:iron_shovel":4,"cisco_mod:adventurer_chestplate":1,"minecraft:cracked_stone_bricks":16,"iter_rpg:coin":3,"byg:pink_allium_flower_bush":2,"immersive_armors:wooden_leggings":1,"minecraft:iron_nugget":23,"minecraft:poppy":1,"minecraft:lectern":1,"minecraft:chest":1,"minecraft:birch_sapling":1,"forbidden_arcanus:bat_wing":1,"minecraft:raw_iron":14,"ecologics:coconut_slice":2,"minecraft:bowl":27,"sophisticatedbackpacks:backpack":3,"minecraft:spruce_fence":1,"minecraft:trident":3,"minecraft:carrot":17,"minecraft:redstone":38,"minecraft:prismarine_crystals":3,"minecraft:diamond_chestplate":4,"immersive_armors:wooden_helmet":1,"minecraft:arrow":106,"minecraft:stone_shovel":2,"minecraft:beetroot_seeds":12,"minecraft:pumpkin_pie":12,"minecraft:nether_bricks":22,"minecraft:diamond_boots":2,"minecraft:gold_ingot":29,"minecraft:white_wool":5,"minecraft:skeleton_skull":7,"forbidden_arcanus:spawner_scrap":11,"minecraft:bone_block":23,"minecraft:leather":19,"twilightforest:steeleaf_leggings":1,"majruszsdifficulty:tattered_helmet":1,"majruszsdifficulty:cloth":13,"alexsmobs:cachalot_whale_tooth":1,"savage_and_ravage:creeper_spores":3,"minecraft:chainmail_chestplate":1,"iter_rpg:spider_silk_block":1,"minecraft:cobblestone_wall":1,"minecraft:gunpowder":50,"cisco_mod:adventurer_boots":1,"quark:blank_rune":1,"supplementaries:wrench":1,"minecraft:stone_bricks":5,"majruszsdifficulty:tattered_leggings":1,"iter_rpg:potsherd":6,"minecraft:iron_ingot":34,"minecraft:cobweb":6,"undead_unleashed:grave_metal_boots":1,"minecraft:glass_bottle":1,"apotheosis:gem_dust":5,"minecraft:book":16,"minecraft:gravel":1,"undead_unleashed:grave_metal_scrap":83,"minecraft:spruce_sapling":4,"iter_rpg:hivestone":69,"iter_rpg:cut_hivestone":1,"minecraft:spruce_log":15,"minecraft:leather_helmet":8,"minecraft:spider_eye":33,"farmersdelight:bacon_and_eggs":16,"forbidden_arcanus:arcane_crystal":2,"minecraft:diamond_shovel":1,"byg:tall_allium":2,"immersive_armors:wooden_chestplate":1,"minecraft:diamond_axe":4,"enigmaticlegacy:eye_of_nebula":1,"minecraft:mossy_cobblestone_stairs":9,"undead_unleashed:grave_metal_axe":3,"minecraft:ender_pearl":1,"majruszsdifficulty:tattered_chestplate":2,"immersive_armors:wooden_boots":1,"minecraft:coal":22},"minecraft:mined":{"minecraft:spruce_planks":5,"iter_rpg:weaved_hivestone":1,"minecraft:cobblestone_stairs":2,"minecraft:red_nether_bricks":3,"minecraft:granite":43,"minecraft:grass_block":4,"ars_nouveau:sourceberry_bush":1,"minecraft:spawner":20,"iter_rpg:infested_hivestone":3,"minecraft:smooth_stone":1,"minecraft:magma_block":2,"minecraft:mossy_cobblestone_stairs":13,"minecraft:iron_ore":2,"minecraft:fire":33,"minecraft:cobbled_deepslate":12,"minecraft:deepslate_lapis_ore":7,"minecraft:nether_brick_stairs":6,"minecraft:iron_bars":6,"minecraft:light_gray_concrete":4,"minecraft:deepslate_redstone_ore":5,"lootr:lootr_chest":1,"undead_unleashed:ancient_dirt":1,"minecraft:chiseled_quartz_block":8,"undead_unleashed:grave_soil":1,"minecraft:cobblestone":65,"minecraft:seagrass":1,"minecraft:skeleton_skull":7,"minecraft:chain":1,"byg:soapstone":4,"minecraft:repeater":1,"lootr:trophy":1,"forbidden_arcanus:darkstone":2,"minecraft:birch_log":11,"minecraft:light_gray_stained_glass":3,"minecraft:blue_ice":325,"minecraft:magenta_bed":1,"minecraft:smooth_stone_slab":2,"minecraft:stone_brick_stairs":6,"minecraft:grass":10,"delightful:mini_melon":1,"minecraft:dirt":13,"minecraft:sand":2,"minecraft:smooth_quartz":2,"minecraft:sandstone_wall":1,"vinery:apple_leaves":1,"minecraft:oak_leaves":3,"minecraft:deepslate":70,"minecraft:diamond_ore":2,"minecraft:tuff":7,"minecraft:mossy_cobblestone":55,"minecraft:candle":1,"iter_rpg:cracked_hivestone":4,"minecraft:nether_bricks":37,"minecraft:spruce_leaves":4,"iter_rpg:big_vase":8,"minecraft:black_stained_glass_pane":2,"minecraft:redstone_ore":2,"minecraft:oak_trapdoor":1,"forbidden_arcanus:deepslate_arcane_crystal_ore":2,"iter_rpg:spider_silk_block":3,"iter_rpg:small_vase":9,"minecraft:andesite":26,"minecraft:mossy_stone_brick_stairs":3,"minecraft:cobblestone_slab":2,"minecraft:vine":51,"minecraft:deepslate_iron_ore":3,"minecraft:packed_ice":5,"minecraft:stone":140,"minecraft:white_wool":2,"minecraft:bone_block":2,"minecraft:pink_terracotta":1,"minecraft:gray_concrete":2,"minecraft:glass_pane":3,"minecraft:soul_sand":1,"galosphere:deepslate_silver_ore":1,"iter_rpg:hivestone_slab":3,"iter_rpg:vase":8,"iter_rpg:cut_hivestone":1,"minecraft:lectern":1,"minecraft:lapis_ore":5,"minecraft:deepslate_gold_ore":27,"iter_rpg:hivestone":13,"minecraft:diorite":62,"supplementaries:urn":18,"minecraft:coarse_dirt":4,"forbidden_arcanus:xpetrified_ore":7,"iter_rpg:silky_hivestone":3,"iter_rpg:abyss_quartz":2,"minecraft:ice":3,"minecraft:spruce_log":15,"minecraft:birch_leaves":7,"iter_rpg:spider_egg":20,"minecraft:zombie_head":1,"minecraft:gravel":3,"byg:tall_pink_allium":1,"minecraft:cobweb":47,"minecraft:cracked_stone_bricks":12,"minecraft:polished_andesite":5,"minecraft:stone_bricks":10,"minecraft:mossy_stone_bricks":29,"minecraft:gold_ore":4},"minecraft:broken":{"minecraft:iron_chestplate":2,"immersive_armors:wooden_chestplate":1,"cisco_mod:adventurer_helmet":1,"minecraft:trident":1,"aether:iron_gloves":2,"minecraft:leather_chestplate":3,"minecraft:wooden_pickaxe":1,"minecraft:shield":1,"twilightforest:steeleaf_leggings":1,"minecraft:iron_pickaxe":2,"cisco_mod:adventurer_chestplate":1},"minecraft:used":{"minecraft:iron_shovel":2,"minecraft:bone_block":4,"cisco_mod:adventurer_chestplate":1,"minecraft:shield":5,"minecraft:iron_sword":58,"minecraft:iron_chestplate":2,"minecraft:skeleton_spawn_egg":2,"minecraft:nether_bricks":127,"undead_unleashed:grave_metal_axe":111,"minecraft:pink_terracotta":1,"minecraft:obsidian":7,"minecraft:spruce_boat":3,"minecraft:lava_bucket":46,"iter_rpg:hivestone_slab":1,"minecraft:birch_sapling":1,"simplyswords:iron_longsword":45,"minecraft:stone_bricks":5,"supplementaries:bomb_blue":1,"ars_nouveau:source_berry":51,"minecraft:bow":85,"minecraft:skeleton_skull":1,"minecraft:egg":1,"minecraft:potato":1,"minecraft:mossy_stone_bricks":7,"minecraft:stone_pickaxe":76,"minecraft:wooden_pickaxe":111,"minecraft:mossy_stone_brick_stairs":1,"minecraft:diamond_axe":147,"minecraft:golden_apple":1,"minecraft:creeper_spawn_egg":2,"relics:horse_flute":18,"farmersdelight:ratatouille":32,"easy_villagers:villager":3,"minecraft:bread":61,"savage_and_ravage:creeper_spores":2,"minecraft:string":5,"iter_rpg:cracked_hivestone":3,"ecologics:coconut_slice":2,"minecraft:diamond_sword":1628,"minecraft:wooden_sword":54,"sons_of_sins:flesh_of_demise":1,"forbidden_arcanus:splash_aureal_bottle":2,"minecraft:coarse_dirt":2,"minecraft:oak_trapdoor":1,"minecraft:cobweb":10,"minecraft:experience_bottle":10,"minecraft:trident":18,"minecraft:iron_bars":2,"minecraft:flint_and_steel":19,"minecraft:stone_shovel":1,"minecraft:redstone":4,"minecraft:silverfish_spawn_egg":1,"minecraft:spruce_planks":43,"minecraft:torch":1,"minecraft:dirt":2,"minecraft:granite":6,"farmersdelight:rope":1,"minecraft:mossy_cobblestone_stairs":5,"minecraft:wooden_axe":18,"minecraft:iron_axe":36,"minecraft:smooth_quartz":1,"alexsmobs:fedora":1,"minecraft:cooked_beef":33,"minecraft:cobbled_deepslate":25,"minecraft:water_bucket":16,"byg:pink_allium_flower_bush":2,"minecraft:birch_planks":13,"minecraft:polished_andesite":2,"iter_rpg:hivestone":22,"minecraft:cobblestone_slab":1,"minecraft:leather_boots":1,"iter_rpg:cut_hivestone":1,"minecraft:cracked_stone_bricks":2,"minecraft:mossy_cobblestone":103,"supplementaries:bomb":2,"minecraft:tnt":1,"minecraft:crafting_table":3,"minecraft:cake":1,"delightful:mini_melon":1,"farmersdelight:bacon_and_eggs":32,"minecraft:diamond_pickaxe":528,"minecraft:apple":4,"majruszsdifficulty:undead_army_treasure_bag":1,"minecraft:suspicious_stew":1,"minecraft:iron_pickaxe":487,"minecraft:stone_slab":1,"minecraft:leather_helmet":1,"byg:soapstone":5,"minecraft:spruce_sapling":4,"alexsmobs:tendon_whip":50,"minecraft:cobblestone":124,"minecraft:potion":7,"minecraft:bucket":65,"alexsmobs:animal_dictionary":1},"minecraft:dropped":{"iter_rpg:hivestone":74,"minecraft:piston":8,"minecraft:diamond_axe":3,"minecraft:birch_planks":31,"minecraft:porkchop":8,"minecraft:lapis_lazuli":27,"minecolonies:scroll_buff":45,"minecraft:ender_pearl":2,"minecraft:glass_bottle":8,"minecraft:diamond":6,"majruszsdifficulty:tattered_helmet":1,"minecraft:leather":11,"minecraft:mossy_stone_brick_stairs":1,"minecraft:cracked_stone_bricks":7,"undead_unleashed:grave_metal_scrap":69,"minecraft:leather_helmet":6,"minecraft:emerald":4,"minecraft:dirt":2,"minecraft:cornflower":1,"savage_and_ravage:creeper_spores":1,"immersive_armors:wooden_leggings":2,"majruszsdifficulty:tattered_boots":2,"minecraft:wooden_sword":2,"minecraft:bone_block":12,"minecraft:iron_pickaxe":1,"immersive_armors:wooden_chestplate":1,"majruszsdifficulty:tattered_leggings":1,"minecraft:white_wool":10,"minecraft:gold_ingot":279,"minecraft:bone":103,"minecraft:gravel":1,"majruszsdifficulty:tattered_chestplate":1,"lootr:trophy":2,"minecraft:compass":2,"minecraft:iron_nugget":11,"minecraft:cobbled_deepslate":19,"minecraft:wheat":2,"immersive_armors:wooden_boots":2,"minecraft:rotten_flesh":97,"aether:leather_gloves":1,"enigmaticlegacy:tattered_tome":10,"minecraft:diamond_shovel":1,"iter_rpg:spawner_fragment":9,"iter_rpg:cracked_hivestone":1,"alexsmobs:cachalot_whale_tooth":1,"minecraft:carrot":30,"supplementaries:antique_ink":2,"minecraft:chainmail_chestplate":1,"minecraft:tipped_arrow":67,"iter_rpg:abyssquartz_shard":6,"minecraft:sandstone_wall":1,"cisco_mod:brightsteel_ingot":1,"minecraft:leather_chestplate":6,"supplementaries:ash":2,"minecraft:turtle_helmet":3,"minecraft:trident":2,"minecraft:gunpowder":11,"undead_unleashed:grave_metal_axe":2,"minecraft:charcoal":15,"minecraft:beetroot_seeds":12,"quark:blank_rune":1,"apotheosis:gem":11,"minecraft:leather_boots":6,"ecologics:coconut_husk":2,"minecraft:chainmail_boots":2,"minecraft:leather_leggings":3,"iter_rpg:spider_silk":10,"minecraft:arrow":52,"minecraft:netherrack":1,"minecraft:enchanted_book":1,"minecraft:water_bucket":1,"minecraft:iron_ingot":7,"minecraft:bread":33,"minecraft:wheat_seeds":1,"minecraft:mossy_cobblestone":13,"majruszsaccessories:adventurer_kit":1,"minecraft:diamond_leggings":4,"minecraft:cobblestone":63,"minecraft:prismarine_crystals":3,"minecraft:book":1,"forbidden_arcanus:xpetrified_orb":3,"minecraft:apple":17,"darkerdepths:dry_sprouts":17,"minecraft:spruce_button":4,"enigmaticlegacy:corrupted_tome":3,"minecraft:chainmail_helmet":2,"minecraft:coal":22,"minecraft:golden_apple":17,"alexsmobs:roadrunner_boots":1,"minecraft:stick":5,"irons_spellbooks:scroll":1,"minecraft:cobweb":6,"minecraft:golden_carrot":5,"minecraft:diorite":3,"minecraft:ink_sac":1,"ringsofascension:ring_strength":1,"byg:soapstone":6,"forbidden_arcanus:spawner_scrap":10,"minecraft:diamond_helmet":1,"minecraft:iron_leggings":4,"minecraft:mossy_cobblestone_stairs":2,"minecraft:iron_shovel":2,"minecraft:string":88,"irons_spellbooks:frozen_bone":9,"ars_nouveau:caster_tome":1,"iter_rpg:potsherd":6,"minecraft:redstone":3,"minecraft:anvil":1,"minecraft:chiseled_quartz_block":7,"minecraft:stone_sword":2,"minecraft:cobblestone_wall":1,"minecraft:bowl":74,"majruszsaccessories:tool_scraps":2,"minecraft:stone_shovel":1,"majruszsaccessories:miner_guide":6,"byg:tall_allium":2,"minecraft:wither_skeleton_skull":4,"iter_rpg:spider_silk_block":1,"sophisticatedbackpacks:backpack":1,"enigmaticlegacy:iron_ring":2,"minecraft:light_gray_concrete":6,"undead_unleashed:grave_metal_sword":6,"undead_unleashed:grave_metal_boots":1,"minecraft:nether_bricks":69,"forbidden_arcanus:bat_wing":1,"minecraft:suspicious_stew":2,"minecraft:diamond_sword":1,"minecraft:spruce_boat":1,"minecraft:shield":6,"minecraft:flower_pot":6,"minecraft:mossy_stone_bricks":11,"aether:diamond_gloves":1,"minecraft:diamond_chestplate":2,"aether:iron_gloves":3,"aether:chainmail_gloves":1,"minecraft:spruce_planks":64,"minecraft:iron_chestplate":1,"minecraft:andesite":18,"minecraft:golden_leggings":1,"minecraft:spider_eye":29,"minecraft:slime_ball":8,"minecraft:bow":2,"byg:tall_pink_allium":2,"minecraft:stone_pickaxe":1,"minecraft:wooden_pickaxe":2,"minecraft:raw_gold":16,"immersive_armors:wooden_helmet":2,"ars_nouveau:warp_scroll":1,"minecraft:nether_brick_stairs":4,"apotheosis:gem_dust":4},"minecraft:crafted":{"blue_skies:blue_journal":1,"minecraft:crafting_table":3,"minecraft:spruce_planks":60,"minecraft:wooden_pickaxe":1,"minecraft:birch_planks":44,"minecraft:iron_chestplate":1,"minecraft:stick":8,"minecraft:iron_ingot":28,"minecraft:iron_pickaxe":1,"minecraft:gold_ingot":24,"minecraft:spruce_boat":1,"sophisticatedbackpacks:iron_backpack":1,"sophisticatedbackpacks:gold_backpack":1,"minecraft:air":0,"minecraft:wooden_axe":1},"minecraft:killed_by":{"minecraft:wither_skeleton":1,"minecraft:creeper":1,"minecraft:drowned":4,"enemyexpansion:huntsman":1,"alexsmobs:cachalot_whale":1,"undead_unleashed:frenzied_knight":1,"minecraft:vindicator":1,"minecraft:silverfish":3,"minecraft:zombie":10,"majruszsdifficulty:cursed_armor":14,"enemyexpansion:invisicreeper":2,"humancompanions:axeguard":1,"minecraft:player":3,"minecraft:stray":3,"minecraft:iron_golem":1,"savage_and_ravage:creepie":1,"iter_rpg:spiderling":1,"mutantmonsters:mutant_skeleton":3,"minecraft:skeleton":27,"minecraft:phantom":5,"enemyexpansion:ladybug":1},"minecraft:custom":{"enigmaticlegacy:play_time_with_seven_curses":0,"lootr:looted_stat":157,"minecraft:interact_with_crafting_table":15,"minecraft:open_barrel":7,"goblintraders:trade_with_goblin":19,"minecraft:eat_cake_slice":1,"minecraft:leave_game":1,"minecraft:time_since_death":2786,"minecraft:damage_resisted":258,"minecraft:sprint_one_cm":1046256,"minecraft:damage_blocked_by_shield":311,"minecraft:drop":544,"minecraft:talked_to_villager":40,"minecraft:play_time":680421,"minecraft:deaths":91,"minecraft:jump":4501,"minecraft:walk_on_water_one_cm":141815,"minecraft:interact_with_furnace":9,"minecraft:traded_with_villager":1,"minecraft:sleep_in_bed":2,"minecraft:damage_dealt":114062,"minecraft:player_kills":26,"minecraft:crouch_one_cm":64585,"minecraft:interact_with_smoker":1,"minecraft:inspect_dispenser":1,"minecraft:horse_one_cm":2427,"minecraft:mob_kills":770,"minecraft:inspect_hopper":1,"minecraft:damage_dealt_resisted":9037,"minecraft:climb_one_cm":30069,"minecraft:walk_one_cm":2225141,"minecraft:damage_dealt_absorbed":194,"minecraft:sneak_time":36239,"minecraft:walk_under_water_one_cm":61128,"minecraft:boat_one_cm":1006,"minecraft:total_world_time":680421,"enigmaticlegacy:play_time_without_seven_curses":675648,"minecraft:tune_noteblock":60,"minecraft:time_since_rest":2853,"minecraft:damage_taken":44363,"minecraft:damage_absorbed":353,"minecraft:swim_one_cm":30085,"minecraft:fly_one_cm":697833,"minecraft:open_chest":4,"minecraft:aviate_one_cm":141436,"minecraft:fall_one_cm":100693},"minecraft:killed":{"iter_rpg:goblin":5,"minecraft:cave_spider":14,"minecraft:witch":1,"aquaculture:red_grouper":1,"minecraft:spider":37,"enemyexpansion:equestrian":7,"minecraft:shulker":1,"minecraft:skeleton":116,"alexsmobs:orca":2,"minecraft:bee":1,"ecologics:coconut_crab":2,"minecraft:silverfish":38,"irons_spellbooks:summoned_skeleton":2,"minecraft:skeleton_horse":1,"enemyexpansion:vampflyer":2,"minecraft:cat":1,"minecraft:magma_cube":2,"minecraft:pig":4,"alexsmobs:grizzly_bear":2,"enemyexpansion:ladybug":3,"enemyexpansion:tarantula":3,"majruszsdifficulty:tank":1,"minecraft:iron_golem":1,"iter_rpg:spiderling":96,"irons_spellbooks:necromancer":1,"minecraft:creeper":22,"undead_unleashed:frenzied_knight":1,"minecraft:trader_llama":2,"minecraft:pillager":7,"enemyexpansion:meature":2,"minecraft:zombie":128,"alexsmobs:cachalot_whale":1,"minecraft:stray":15,"enemyexpansion:botfly":22,"alexsmobs:fly":1,"undead_unleashed:haunter":13,"aquaculture:bluegill":1,"minecraft:vindicator":2,"quark:toretoise":1,"alexsmobs:seagull":1,"enemyexpansion:direwolf":3,"enemyexpansion:goblin_fear":2,"enemyexpansion:faller":1,"vinery:mule":1,"minecraft:drowned":2,"iter_rpg:hobgoblin":2,"enemyexpansion:goblin":10,"vinery:wandering_winemaker":1,"minecraft:husk":1,"humancompanions:axeguard":1,"aquamirae:maw":1,"ars_nouveau:drygmy":1,"iter_rpg:peeper":3,"enemyexpansion:troll":1,"enemyexpansion:sprinter":5,"majruszsdifficulty:cursed_armor":70,"minecraft:polar_bear":2,"enemyexpansion:crawler":3,"sons_of_sins:betrayed_guzzler":1,"alexsmobs:cockroach":1,"iter_rpg:goblin_warrior":3,"enemyexpansion:huntsman":2,"iter_rpg:giant_spider":7,"iter_rpg:scallop":2,"minecraft:wither_skeleton":2,"minecraft:enderman":1,"enemyexpansion:slugger":2}},"DataVersion":3120}