{"stats":{"minecraft:picked_up":{"minecolonies:supplycampdeployer":1,"irons_spellbooks:scroll":1,"minecraft:iron_chestplate":1,"minecraft:wheat":2,"minecraft:chainmail_boots":2,"minecraft:stone_slab":1,"minecraft:flower_pot":6,"minecraft:suspicious_stew":3,"minecraft:diamond_sword":1,"minecraft:lead":3,"aether:iron_gloves":1,"minecraft:enchanted_book":2,"forbidden_arcanus:xpetrified_orb":10,"minecraft:string":154,"apotheosis:epic_material":2,"minecraft:iron_leggings":2,"minecraft:experience_bottle":9,"minecraft:zombie_head":2,"irons_spellbooks:arcane_essence":2,"minecraft:diamond_leggings":1,"darkerdepths:dry_sprouts":17,"minecraft:cobbled_deepslate":40,"bosses_of_mass_destruction:soul_star":3,"minecraft:spruce_planks":84,"undead_unleashed:grave_metal_sword":6,"minecraft:cobblestone_slab":1,"minecraft:iron_pickaxe":1,"minecraft:smooth_quartz":1,"farmersdelight:ratatouille":16,"apotheosis:rare_material":5,"minecraft:tipped_arrow":137,"minecraft:stick":1,"apotheosis:gem":26,"minecraft:torch":12,"minecraft:sandstone_wall":1,"minecraft:porkchop":8,"minecraft:diorite":1,"minecraft:stone_sword":4,"minecraft:rotten_flesh":86,"aether:chainmail_gloves":1,"supplementaries:antique_ink":2,"iter_rpg:gobsteel_scrap":2,"supplementaries:ash":16,"majruszsdifficulty:undead_army_treasure_bag":1,"twigs:tangerine_seashell":1,"minecraft:iron_bars":1,"minecraft:cobblestone":107,"minecraft:birch_log":11,"majruszsaccessories:tool_scraps":3,"minecraft:leather_chestplate":9,"minecraft:andesite":18,"ars_nouveau:source_berry":20,"minecraft:chiseled_quartz_block":7,"minecraft:potato":9,"minecraft:magenta_bed":1,"minecraft:wither_skeleton_skull":3,"minecraft:lapis_lazuli":75,"minecraft:dirt":4,"lootr:trophy":2,"minecraft:lantern":1,"aquamirae:fin":2,"minecraft:name_tag":2,"minecraft:leather_boots":7,"minecraft:bone":117,"majruszsaccessories:miner_guide":3,"minecraft:bow":2,"minecraft:wheat_seeds":1,"minecraft:raw_gold":33,"galosphere:raw_silver":1,"twigs:twig":8,"minecraft:mossy_stone_brick_stairs":1,"iter_rpg:cracked_hivestone":4,"irons_spellbooks:frozen_bone":8,"enigmaticlegacy:iron_ring":1,"iter_rpg:spider_silk":10,"minecraft:nether_brick_stairs":1,"minecraft:ink_sac":1,"minecraft:mossy_cobblestone":13,"sons_of_sins:flesh_of_demise":1,"enigmaticlegacy:earth_heart":1,"minecraft:polished_andesite":3,"minecraft:light_gray_concrete":6,"minecraft:diamond":3,"minecraft:spruce_boat":4,"iter_rpg:abyssquartz_shard":7,"iter_rpg:hivestone_slab":2,"minecraft:spruce_button":4,"minecraft:golden_apple":3,"minecraft:chainmail_helmet":1,"minecraft:bread":50,"minecraft:emerald":5,"minecraft:diamond_pickaxe":1,"cisco_mod:brightsteel_ingot":5,"sophisticatedbackpacks:gold_backpack":1,"iter_rpg:spawner_fragment":8,"minecraft:charcoal":15,"majruszsdifficulty:tattered_boots":3,"minecraft:coarse_dirt":2,"byg:soapstone":11,"minecraft:chicken":1,"minecraft:turtle_helmet":4,"byg:tall_pink_allium":2,"minecraft:wooden_pickaxe":2,"minecraft:gold_block":1,"enigmaticlegacy:tattered_tome":2,"minecraft:shield":4,"minecraft:cornflower":1,"minecraft:oak_trapdoor":1,"minecraft:iron_axe":1,"minecraft:wooden_sword":1,"minecraft:netherite_scrap":3,"minecraft:compass":2,"minecraft:iron_shovel":4,"cisco_mod:adventurer_chestplate":1,"iter_rpg:coin":3,"byg:pink_allium_flower_bush":2,"immersive_armors:wooden_leggings":1,"minecraft:iron_nugget":23,"minecraft:poppy":1,"minecraft:lectern":1,"minecraft:chest":1,"minecraft:birch_sapling":1,"forbidden_arcanus:bat_wing":1,"minecraft:raw_iron":10,"ecologics:coconut_slice":2,"minecraft:bowl":25,"sophisticatedbackpacks:backpack":3,"minecraft:spruce_fence":1,"minecraft:trident":3,"minecraft:carrot":17,"minecraft:redstone":38,"minecraft:prismarine_crystals":3,"immersive_armors:wooden_helmet":1,"minecraft:arrow":90,"minecraft:stone_shovel":2,"minecraft:beetroot_seeds":12,"minecraft:pumpkin_pie":12,"minecraft:nether_bricks":3,"minecraft:gold_ingot":29,"minecraft:white_wool":5,"minecraft:skeleton_skull":7,"forbidden_arcanus:spawner_scrap":7,"minecraft:bone_block":11,"minecraft:leather":19,"twilightforest:steeleaf_leggings":1,"majruszsdifficulty:tattered_helmet":1,"majruszsdifficulty:cloth":13,"alexsmobs:cachalot_whale_tooth":1,"savage_and_ravage:creeper_spores":3,"iter_rpg:spider_silk_block":1,"minecraft:cobblestone_wall":1,"minecraft:gunpowder":48,"cisco_mod:adventurer_boots":1,"quark:blank_rune":1,"supplementaries:wrench":1,"minecraft:stone_bricks":5,"majruszsdifficulty:tattered_leggings":1,"iter_rpg:potsherd":6,"minecraft:iron_ingot":34,"minecraft:cobweb":6,"undead_unleashed:grave_metal_boots":1,"minecraft:glass_bottle":1,"apotheosis:gem_dust":5,"minecraft:book":16,"undead_unleashed:grave_metal_scrap":73,"minecraft:spruce_sapling":4,"iter_rpg:hivestone":69,"iter_rpg:cut_hivestone":1,"minecraft:spruce_log":15,"minecraft:leather_helmet":7,"minecraft:spider_eye":30,"farmersdelight:bacon_and_eggs":16,"forbidden_arcanus:arcane_crystal":2,"byg:tall_allium":2,"immersive_armors:wooden_chestplate":1,"minecraft:diamond_axe":2,"minecraft:mossy_cobblestone_stairs":3,"undead_unleashed:grave_metal_axe":3,"majruszsdifficulty:tattered_chestplate":2,"immersive_armors:wooden_boots":1,"minecraft:coal":22},"minecraft:mined":{"minecraft:spruce_planks":5,"iter_rpg:weaved_hivestone":1,"minecraft:cobblestone_stairs":2,"minecraft:red_nether_bricks":3,"minecraft:granite":12,"minecraft:grass_block":4,"ars_nouveau:sourceberry_bush":1,"minecraft:spawner":12,"iter_rpg:infested_hivestone":3,"minecraft:smooth_stone":1,"minecraft:mossy_cobblestone_stairs":3,"minecraft:iron_ore":2,"minecraft:fire":31,"minecraft:cobbled_deepslate":12,"minecraft:deepslate_lapis_ore":7,"minecraft:nether_brick_stairs":1,"minecraft:iron_bars":2,"minecraft:light_gray_concrete":4,"minecraft:deepslate_redstone_ore":5,"lootr:lootr_chest":1,"undead_unleashed:ancient_dirt":1,"minecraft:chiseled_quartz_block":8,"undead_unleashed:grave_soil":1,"minecraft:cobblestone":46,"minecraft:seagrass":1,"minecraft:skeleton_skull":7,"minecraft:chain":1,"byg:soapstone":3,"minecraft:repeater":1,"lootr:trophy":1,"forbidden_arcanus:darkstone":2,"minecraft:birch_log":11,"minecraft:light_gray_stained_glass":3,"minecraft:blue_ice":152,"minecraft:magenta_bed":1,"minecraft:smooth_stone_slab":2,"minecraft:stone_brick_stairs":4,"minecraft:grass":8,"delightful:mini_melon":1,"minecraft:dirt":13,"minecraft:sand":2,"minecraft:smooth_quartz":2,"minecraft:sandstone_wall":1,"vinery:apple_leaves":1,"minecraft:deepslate":64,"minecraft:diamond_ore":2,"minecraft:tuff":7,"minecraft:mossy_cobblestone":13,"minecraft:candle":1,"iter_rpg:cracked_hivestone":4,"minecraft:nether_bricks":15,"minecraft:spruce_leaves":4,"iter_rpg:big_vase":8,"minecraft:black_stained_glass_pane":2,"minecraft:redstone_ore":2,"minecraft:oak_trapdoor":1,"forbidden_arcanus:deepslate_arcane_crystal_ore":2,"iter_rpg:spider_silk_block":3,"iter_rpg:small_vase":9,"minecraft:andesite":20,"minecraft:cobblestone_slab":2,"minecraft:vine":10,"minecraft:deepslate_iron_ore":3,"minecraft:packed_ice":1,"minecraft:stone":83,"minecraft:bone_block":2,"minecraft:pink_terracotta":1,"minecraft:gray_concrete":2,"minecraft:glass_pane":2,"galosphere:deepslate_silver_ore":1,"iter_rpg:hivestone_slab":3,"iter_rpg:vase":7,"iter_rpg:cut_hivestone":1,"minecraft:lectern":1,"minecraft:lapis_ore":5,"minecraft:deepslate_gold_ore":27,"iter_rpg:hivestone":13,"minecraft:diorite":2,"supplementaries:urn":15,"minecraft:coarse_dirt":4,"forbidden_arcanus:xpetrified_ore":7,"iter_rpg:silky_hivestone":3,"iter_rpg:abyss_quartz":2,"minecraft:ice":3,"minecraft:spruce_log":15,"minecraft:birch_leaves":7,"iter_rpg:spider_egg":20,"minecraft:zombie_head":1,"minecraft:gravel":3,"byg:tall_pink_allium":1,"minecraft:cobweb":44,"minecraft:cracked_stone_bricks":1,"minecraft:polished_andesite":5,"minecraft:stone_bricks":10,"minecraft:gold_ore":4},"minecraft:broken":{"minecraft:iron_chestplate":2,"immersive_armors:wooden_chestplate":1,"cisco_mod:adventurer_helmet":1,"minecraft:trident":1,"aether:iron_gloves":2,"minecraft:leather_chestplate":3,"minecraft:shield":1,"twilightforest:steeleaf_leggings":1,"minecraft:iron_pickaxe":2,"cisco_mod:adventurer_chestplate":1},"minecraft:used":{"minecraft:iron_shovel":2,"minecraft:bone_block":4,"cisco_mod:adventurer_chestplate":1,"minecraft:shield":5,"minecraft:iron_sword":58,"minecraft:iron_chestplate":2,"minecraft:skeleton_spawn_egg":2,"minecraft:nether_bricks":46,"undead_unleashed:grave_metal_axe":111,"minecraft:pink_terracotta":1,"minecraft:obsidian":7,"minecraft:spruce_boat":3,"minecraft:lava_bucket":38,"iter_rpg:hivestone_slab":1,"minecraft:birch_sapling":1,"simplyswords:iron_longsword":45,"minecraft:stone_bricks":5,"supplementaries:bomb_blue":1,"ars_nouveau:source_berry":51,"minecraft:bow":71,"minecraft:skeleton_skull":1,"minecraft:egg":1,"minecraft:potato":1,"minecraft:stone_pickaxe":76,"minecraft:wooden_pickaxe":93,"minecraft:mossy_stone_brick_stairs":1,"minecraft:diamond_axe":35,"minecraft:creeper_spawn_egg":2,"relics:horse_flute":18,"farmersdelight:ratatouille":31,"easy_villagers:villager":3,"minecraft:bread":19,"savage_and_ravage:creeper_spores":2,"minecraft:string":5,"iter_rpg:cracked_hivestone":3,"ecologics:coconut_slice":2,"minecraft:diamond_sword":1035,"minecraft:wooden_sword":54,"sons_of_sins:flesh_of_demise":1,"forbidden_arcanus:splash_aureal_bottle":2,"minecraft:coarse_dirt":2,"minecraft:oak_trapdoor":1,"minecraft:cobweb":10,"minecraft:experience_bottle":9,"minecraft:trident":17,"minecraft:iron_bars":1,"minecraft:flint_and_steel":19,"minecraft:stone_shovel":1,"minecraft:redstone":4,"minecraft:silverfish_spawn_egg":1,"minecraft:spruce_planks":43,"minecraft:torch":1,"minecraft:dirt":2,"farmersdelight:rope":1,"minecraft:mossy_cobblestone_stairs":3,"minecraft:wooden_axe":18,"minecraft:iron_axe":18,"minecraft:smooth_quartz":1,"alexsmobs:fedora":1,"minecraft:cooked_beef":33,"minecraft:cobbled_deepslate":25,"minecraft:water_bucket":15,"byg:pink_allium_flower_bush":2,"minecraft:birch_planks":13,"minecraft:polished_andesite":2,"iter_rpg:hivestone":22,"minecraft:cobblestone_slab":1,"minecraft:leather_boots":1,"iter_rpg:cut_hivestone":1,"minecraft:mossy_cobblestone":8,"supplementaries:bomb":1,"minecraft:tnt":1,"minecraft:crafting_table":3,"minecraft:cake":1,"delightful:mini_melon":1,"farmersdelight:bacon_and_eggs":32,"minecraft:diamond_pickaxe":22,"minecraft:apple":2,"majruszsdifficulty:undead_army_treasure_bag":1,"minecraft:suspicious_stew":1,"minecraft:iron_pickaxe":487,"minecraft:stone_slab":1,"minecraft:leather_helmet":1,"byg:soapstone":5,"minecraft:spruce_sapling":4,"alexsmobs:tendon_whip":50,"minecraft:cobblestone":63,"minecraft:potion":2,"minecraft:bucket":56,"alexsmobs:animal_dictionary":1},"minecraft:dropped":{"iter_rpg:hivestone":74,"minecraft:piston":8,"minecraft:diamond_axe":2,"minecraft:birch_planks":31,"minecraft:porkchop":8,"minecraft:lapis_lazuli":27,"minecraft:glass_bottle":2,"minecraft:diamond":6,"majruszsdifficulty:tattered_helmet":1,"minecraft:leather":11,"undead_unleashed:grave_metal_scrap":59,"minecraft:leather_helmet":6,"minecraft:dirt":2,"minecraft:cornflower":1,"savage_and_ravage:creeper_spores":1,"immersive_armors:wooden_leggings":2,"majruszsdifficulty:tattered_boots":2,"minecraft:wooden_sword":2,"minecraft:iron_pickaxe":1,"immersive_armors:wooden_chestplate":1,"majruszsdifficulty:tattered_leggings":1,"minecraft:white_wool":10,"minecraft:gold_ingot":265,"minecraft:bone":93,"majruszsdifficulty:tattered_chestplate":1,"lootr:trophy":2,"minecraft:compass":2,"minecraft:iron_nugget":11,"minecraft:cobbled_deepslate":19,"minecraft:wheat":2,"immersive_armors:wooden_boots":2,"minecraft:rotten_flesh":74,"aether:leather_gloves":1,"enigmaticlegacy:tattered_tome":2,"iter_rpg:spawner_fragment":6,"iter_rpg:cracked_hivestone":1,"alexsmobs:cachalot_whale_tooth":1,"minecraft:carrot":30,"supplementaries:antique_ink":2,"minecraft:tipped_arrow":64,"iter_rpg:abyssquartz_shard":6,"minecraft:sandstone_wall":1,"cisco_mod:brightsteel_ingot":1,"minecraft:leather_chestplate":6,"supplementaries:ash":2,"minecraft:turtle_helmet":3,"minecraft:trident":2,"minecraft:gunpowder":11,"undead_unleashed:grave_metal_axe":2,"minecraft:charcoal":15,"minecraft:beetroot_seeds":12,"quark:blank_rune":1,"apotheosis:gem":5,"minecraft:leather_boots":6,"ecologics:coconut_husk":2,"minecraft:chainmail_boots":2,"iter_rpg:spider_silk":10,"minecraft:arrow":41,"minecraft:enchanted_book":1,"minecraft:water_bucket":1,"minecraft:iron_ingot":7,"minecraft:bread":33,"minecraft:wheat_seeds":1,"minecraft:mossy_cobblestone":5,"majruszsaccessories:adventurer_kit":1,"minecraft:diamond_leggings":1,"minecraft:cobblestone":50,"minecraft:prismarine_crystals":3,"forbidden_arcanus:xpetrified_orb":3,"minecraft:apple":17,"darkerdepths:dry_sprouts":17,"minecraft:spruce_button":4,"minecraft:coal":22,"minecraft:golden_apple":8,"minecraft:stick":5,"irons_spellbooks:scroll":1,"minecraft:cobweb":6,"minecraft:golden_carrot":5,"minecraft:diorite":1,"minecraft:ink_sac":1,"byg:soapstone":6,"forbidden_arcanus:spawner_scrap":6,"minecraft:iron_leggings":2,"minecraft:iron_shovel":2,"minecraft:string":75,"irons_spellbooks:frozen_bone":2,"iter_rpg:potsherd":6,"minecraft:redstone":3,"minecraft:chiseled_quartz_block":7,"minecraft:stone_sword":2,"minecraft:cobblestone_wall":1,"minecraft:bowl":70,"majruszsaccessories:tool_scraps":2,"minecraft:stone_shovel":1,"majruszsaccessories:miner_guide":4,"byg:tall_allium":2,"minecraft:wither_skeleton_skull":3,"iter_rpg:spider_silk_block":1,"sophisticatedbackpacks:backpack":1,"enigmaticlegacy:iron_ring":1,"minecraft:light_gray_concrete":6,"undead_unleashed:grave_metal_sword":4,"undead_unleashed:grave_metal_boots":1,"forbidden_arcanus:bat_wing":1,"minecraft:suspicious_stew":2,"minecraft:diamond_sword":1,"minecraft:spruce_boat":1,"minecraft:shield":2,"minecraft:flower_pot":6,"aether:iron_gloves":3,"aether:chainmail_gloves":1,"minecraft:spruce_planks":64,"minecraft:iron_chestplate":1,"minecraft:andesite":18,"minecraft:spider_eye":27,"minecraft:bow":1,"byg:tall_pink_allium":2,"minecraft:stone_pickaxe":1,"minecraft:wooden_pickaxe":2,"minecraft:raw_gold":16,"immersive_armors:wooden_helmet":2,"ars_nouveau:warp_scroll":1,"apotheosis:gem_dust":4},"minecraft:crafted":{"minecraft:crafting_table":3,"minecraft:spruce_planks":60,"minecraft:wooden_pickaxe":1,"minecraft:birch_planks":44,"minecraft:iron_chestplate":1,"minecraft:stick":8,"minecraft:iron_ingot":20,"minecraft:iron_pickaxe":1,"minecraft:gold_ingot":15,"minecraft:spruce_boat":1,"sophisticatedbackpacks:iron_backpack":1,"sophisticatedbackpacks:gold_backpack":1,"minecraft:air":0,"minecraft:wooden_axe":1},"minecraft:killed_by":{"minecraft:creeper":1,"minecraft:drowned":4,"enemyexpansion:huntsman":1,"alexsmobs:cachalot_whale":1,"undead_unleashed:frenzied_knight":1,"minecraft:vindicator":1,"minecraft:silverfish":3,"minecraft:zombie":8,"majruszsdifficulty:cursed_armor":13,"enemyexpansion:invisicreeper":2,"humancompanions:axeguard":1,"minecraft:player":3,"minecraft:stray":3,"minecraft:iron_golem":1,"savage_and_ravage:creepie":1,"iter_rpg:spiderling":1,"mutantmonsters:mutant_skeleton":3,"minecraft:skeleton":22,"minecraft:phantom":5,"enemyexpansion:ladybug":1},"minecraft:custom":{"enigmaticlegacy:play_time_with_seven_curses":0,"lootr:looted_stat":104,"minecraft:interact_with_crafting_table":15,"minecraft:open_barrel":7,"goblintraders:trade_with_goblin":15,"minecraft:eat_cake_slice":1,"minecraft:leave_game":1,"minecraft:time_since_death":30788,"minecraft:damage_resisted":258,"minecraft:sprint_one_cm":831643,"minecraft:damage_blocked_by_shield":311,"minecraft:drop":403,"minecraft:talked_to_villager":34,"minecraft:play_time":548421,"minecraft:deaths":82,"minecraft:jump":3737,"minecraft:walk_on_water_one_cm":131440,"minecraft:interact_with_furnace":9,"minecraft:sleep_in_bed":2,"minecraft:damage_dealt":82508,"minecraft:player_kills":24,"minecraft:crouch_one_cm":54150,"minecraft:interact_with_smoker":1,"minecraft:inspect_dispenser":1,"minecraft:horse_one_cm":2427,"minecraft:mob_kills":639,"minecraft:inspect_hopper":1,"minecraft:damage_dealt_resisted":8950,"minecraft:climb_one_cm":19299,"minecraft:walk_one_cm":1782472,"minecraft:damage_dealt_absorbed":47,"minecraft:sneak_time":30127,"minecraft:walk_under_water_one_cm":59799,"minecraft:boat_one_cm":1006,"minecraft:total_world_time":548421,"enigmaticlegacy:play_time_without_seven_curses":544000,"minecraft:tune_noteblock":60,"minecraft:time_since_rest":30813,"minecraft:damage_taken":39414,"minecraft:damage_absorbed":304,"minecraft:swim_one_cm":27967,"minecraft:fly_one_cm":590358,"minecraft:open_chest":2,"minecraft:aviate_one_cm":141436,"minecraft:fall_one_cm":83691},"minecraft:killed":{"iter_rpg:goblin":5,"minecraft:cave_spider":3,"minecraft:witch":1,"aquaculture:red_grouper":1,"minecraft:spider":20,"enemyexpansion:equestrian":6,"minecraft:shulker":1,"minecraft:skeleton":106,"alexsmobs:orca":2,"minecraft:bee":1,"ecologics:coconut_crab":2,"minecraft:silverfish":38,"irons_spellbooks:summoned_skeleton":2,"minecraft:skeleton_horse":1,"enemyexpansion:vampflyer":2,"minecraft:cat":1,"minecraft:magma_cube":2,"minecraft:pig":4,"alexsmobs:grizzly_bear":2,"enemyexpansion:ladybug":3,"enemyexpansion:tarantula":3,"majruszsdifficulty:tank":1,"minecraft:iron_golem":1,"iter_rpg:spiderling":96,"irons_spellbooks:necromancer":1,"minecraft:creeper":21,"undead_unleashed:frenzied_knight":1,"minecraft:trader_llama":2,"minecraft:pillager":7,"enemyexpansion:meature":2,"minecraft:zombie":107,"alexsmobs:cachalot_whale":1,"minecraft:stray":6,"enemyexpansion:botfly":22,"alexsmobs:fly":1,"undead_unleashed:haunter":10,"aquaculture:bluegill":1,"minecraft:vindicator":2,"quark:toretoise":1,"alexsmobs:seagull":1,"enemyexpansion:direwolf":3,"enemyexpansion:goblin_fear":2,"vinery:mule":1,"minecraft:drowned":2,"iter_rpg:hobgoblin":2,"enemyexpansion:goblin":9,"vinery:wandering_winemaker":1,"minecraft:husk":1,"humancompanions:axeguard":1,"aquamirae:maw":1,"ars_nouveau:drygmy":1,"iter_rpg:peeper":3,"enemyexpansion:troll":1,"enemyexpansion:sprinter":4,"majruszsdifficulty:cursed_armor":38,"minecraft:polar_bear":2,"enemyexpansion:crawler":2,"sons_of_sins:betrayed_guzzler":1,"alexsmobs:cockroach":1,"iter_rpg:goblin_warrior":3,"enemyexpansion:huntsman":2,"iter_rpg:giant_spider":7,"iter_rpg:scallop":2,"enemyexpansion:slugger":2}},"DataVersion":3120}