{"stats":{"minecraft:crafted":{"minecraft:crafting_table":1,"minecraft:spruce_planks":16,"minecraft:stick":4,"minecraft:wooden_axe":1},"minecraft:mined":{"minecraft:spruce_leaves":4,"minecraft:spruce_log":15},"minecraft:used":{"farmersdelight:bacon_and_eggs":1,"minecraft:wooden_axe":13,"minecraft:crafting_table":1,"alexsmobs:animal_dictionary":1,"minecraft:spruce_sapling":4},"minecraft:picked_up":{"minecraft:wooden_sword":1,"minecraft:spruce_sapling":4,"minecraft:spruce_log":15,"twigs:twig":8},"minecraft:custom":{"minecraft:time_since_rest":14637,"enigmaticlegacy:play_time_with_seven_curses":0,"minecraft:crouch_one_cm":285,"minecraft:play_time":14637,"minecraft:sprint_one_cm":14214,"minecraft:damage_taken":105,"minecraft:walk_one_cm":18597,"minecraft:sneak_time":64,"minecraft:drop":1,"minecraft:jump":34,"minecraft:damage_dealt":216,"minecraft:time_since_death":14637,"minecraft:total_world_time":14637,"enigmaticlegacy:play_time_without_seven_curses":14637,"minecraft:interact_with_crafting_table":1,"minecraft:fall_one_cm":209,"minecraft:fly_one_cm":6262},"minecraft:dropped":{"minecraft:wooden_sword":1}},"DataVersion":3120}