{"stats":{"minecraft:crafted":{"minecraft:crafting_table":1,"minecraft:spruce_planks":60,"minecraft:stick":4,"minecraft:wooden_axe":1},"minecraft:killed":{"minecraft:skeleton":14,"minecraft:cat":1,"minecraft:magma_cube":2,"minecraft:pillager":4,"minecraft:husk":1,"minecraft:zombie":2,"minecraft:pig":1,"minecraft:stray":2,"minecraft:vindicator":1,"minecraft:spider":1,"undead_unleashed:haunter":2,"minecraft:creeper":2},"minecraft:mined":{"minecraft:spruce_planks":4,"minecraft:magenta_bed":1,"minecraft:spruce_log":15,"minecraft:spruce_leaves":4},"minecraft:used":{"farmersdelight:bacon_and_eggs":3,"minecraft:wooden_axe":18,"minecraft:iron_axe":4,"minecraft:spruce_planks":19,"minecraft:spruce_sapling":4,"minecraft:wooden_sword":54,"minecraft:crafting_table":1,"alexsmobs:animal_dictionary":1,"minecraft:cooked_beef":1},"minecraft:picked_up":{"apotheosis:gem":2,"minecraft:charcoal":5,"irons_spellbooks:frozen_bone":6,"majruszsdifficulty:tattered_helmet":1,"minecraft:porkchop":3,"alexsmobs:cachalot_whale_tooth":1,"undead_unleashed:grave_metal_scrap":5,"minecraft:spruce_sapling":4,"minecraft:magenta_bed":1,"minecraft:ink_sac":1,"minecraft:spruce_log":15,"minecraft:string":1,"minecraft:lantern":1,"farmersdelight:bacon_and_eggs":16,"minecraft:wooden_sword":1,"minecraft:bone":15,"minecraft:rotten_flesh":3,"minecraft:arrow":13,"immersive_armors:wooden_chestplate":1,"minecraft:spruce_planks":5,"minecraft:emerald":1,"twigs:twig":8,"forbidden_arcanus:spawner_scrap":1,"majruszsdifficulty:tattered_chestplate":1,"farmersdelight:ratatouille":16,"iter_rpg:spawner_fragment":1,"minecraft:tipped_arrow":2},"minecraft:custom":{"minecraft:time_since_rest":7038,"enigmaticlegacy:play_time_with_seven_curses":0,"minecraft:interact_with_furnace":3,"lootr:looted_stat":12,"minecraft:sprint_one_cm":61680,"minecraft:damage_absorbed":66,"minecraft:damage_taken":1206,"minecraft:walk_one_cm":119948,"minecraft:mob_kills":33,"minecraft:drop":10,"minecraft:damage_dealt":3286,"enigmaticlegacy:play_time_without_seven_curses":50580,"minecraft:interact_with_crafting_table":2,"minecraft:swim_one_cm":15918,"minecraft:fly_one_cm":59649,"minecraft:player_kills":6,"minecraft:crouch_one_cm":5620,"minecraft:play_time":50637,"minecraft:deaths":2,"minecraft:sneak_time":1646,"minecraft:walk_under_water_one_cm":6866,"minecraft:damage_dealt_resisted":0,"minecraft:jump":269,"minecraft:time_since_death":7014,"minecraft:walk_on_water_one_cm":3232,"minecraft:climb_one_cm":7669,"minecraft:interact_with_smoker":1,"minecraft:total_world_time":50637,"minecraft:fall_one_cm":3664},"minecraft:killed_by":{"minecraft:skeleton":1,"alexsmobs:cachalot_whale":1},"minecraft:dropped":{"minecraft:ink_sac":1,"minecraft:bowl":2,"majruszsdifficulty:tattered_helmet":1,"minecraft:wooden_sword":1,"minecraft:apple":5,"undead_unleashed:grave_metal_scrap":5,"alexsmobs:cachalot_whale_tooth":1,"minecraft:gold_ingot":4,"minecraft:stick":2}},"DataVersion":3120}