{"stats":{"minecraft:crafted":{"minecraft:spruce_boat":1,"sophisticatedbackpacks:iron_backpack":1,"minecraft:crafting_table":3,"minecraft:spruce_planks":60,"minecraft:wooden_pickaxe":1,"sophisticatedbackpacks:gold_backpack":1,"minecraft:stick":8,"minecraft:wooden_axe":1},"minecraft:killed":{"aquaculture:red_grouper":1,"minecraft:vindicator":1,"minecraft:spider":4,"enemyexpansion:equestrian":1,"alexsmobs:seagull":1,"enemyexpansion:direwolf":1,"minecraft:skeleton":28,"alexsmobs:orca":2,"ecologics:coconut_crab":2,"minecraft:drowned":1,"minecraft:cat":1,"minecraft:magma_cube":2,"minecraft:husk":1,"minecraft:pig":2,"alexsmobs:grizzly_bear":2,"minecraft:creeper":2,"minecraft:polar_bear":2,"minecraft:trader_llama":2,"minecraft:pillager":7,"minecraft:zombie":8,"sons_of_sins:betrayed_guzzler":1,"alexsmobs:cachalot_whale":1,"minecraft:stray":2,"undead_unleashed:haunter":2,"iter_rpg:scallop":2},"minecraft:mined":{"minecraft:spruce_planks":5,"minecraft:spruce_leaves":4,"minecraft:black_stained_glass_pane":2,"minecraft:fire":7,"minecraft:light_gray_concrete":4,"minecraft:gray_concrete":2,"undead_unleashed:ancient_dirt":1,"minecraft:chiseled_quartz_block":8,"undead_unleashed:grave_soil":1,"minecraft:repeater":1,"minecraft:light_gray_stained_glass":3,"minecraft:ice":1,"minecraft:magenta_bed":1,"minecraft:spruce_log":15,"minecraft:stone_brick_stairs":4,"minecraft:smooth_quartz":2,"minecraft:sand":2,"minecraft:sandstone_wall":1},"minecraft:used":{"minecraft:trident":17,"minecraft:spruce_planks":40,"minecraft:spruce_boat":2,"minecraft:wooden_axe":18,"minecraft:iron_axe":12,"minecraft:cooked_beef":9,"minecraft:wooden_pickaxe":25,"minecraft:tnt":1,"minecraft:crafting_table":3,"farmersdelight:bacon_and_eggs":3,"minecraft:suspicious_stew":1,"minecraft:spruce_sapling":4,"ecologics:coconut_slice":2,"alexsmobs:tendon_whip":7,"minecraft:wooden_sword":54,"sons_of_sins:flesh_of_demise":1,"minecraft:potion":1,"alexsmobs:animal_dictionary":1},"minecraft:picked_up":{"iter_rpg:spawner_fragment":2,"minecraft:charcoal":15,"minecraft:chainmail_boots":1,"minecraft:suspicious_stew":3,"minecraft:turtle_helmet":2,"minecraft:lead":1,"minecraft:wooden_pickaxe":1,"aether:iron_gloves":1,"enigmaticlegacy:tattered_tome":1,"minecraft:string":17,"minecraft:wooden_sword":1,"minecraft:iron_leggings":1,"minecraft:spruce_planks":84,"immersive_armors:wooden_leggings":1,"farmersdelight:ratatouille":16,"minecraft:tipped_arrow":2,"apotheosis:gem":4,"ecologics:coconut_slice":2,"minecraft:bowl":1,"minecraft:porkchop":4,"minecraft:sandstone_wall":1,"minecraft:trident":3,"minecraft:carrot":16,"immersive_armors:wooden_helmet":1,"minecraft:arrow":22,"minecraft:rotten_flesh":5,"minecraft:pumpkin_pie":12,"minecraft:gold_ingot":12,"twigs:tangerine_seashell":1,"forbidden_arcanus:spawner_scrap":1,"minecraft:leather_chestplate":2,"minecraft:leather":16,"minecraft:chiseled_quartz_block":7,"majruszsdifficulty:tattered_helmet":1,"alexsmobs:cachalot_whale_tooth":1,"minecraft:magenta_bed":1,"minecraft:lantern":1,"minecraft:bone":20,"minecraft:iron_ingot":11,"twigs:twig":8,"irons_spellbooks:frozen_bone":6,"undead_unleashed:grave_metal_scrap":8,"minecraft:spruce_sapling":4,"minecraft:ink_sac":1,"minecraft:spruce_log":15,"farmersdelight:bacon_and_eggs":16,"sons_of_sins:flesh_of_demise":1,"minecraft:light_gray_concrete":6,"minecraft:spruce_boat":2,"immersive_armors:wooden_chestplate":1,"minecraft:golden_apple":1,"minecraft:emerald":2,"immersive_armors:wooden_boots":1,"majruszsdifficulty:tattered_chestplate":1,"minecolonies:supplycampdeployer":1},"minecraft:broken":{"immersive_armors:wooden_chestplate":1,"minecraft:trident":1},"minecraft:custom":{"enigmaticlegacy:play_time_with_seven_curses":0,"lootr:looted_stat":21,"minecraft:mob_kills":84,"minecraft:inspect_hopper":1,"minecraft:interact_with_crafting_table":9,"minecraft:damage_dealt_resisted":2265,"minecraft:time_since_death":253,"minecraft:climb_one_cm":8679,"minecraft:damage_resisted":0,"minecraft:sprint_one_cm":159387,"minecraft:walk_one_cm":300919,"minecraft:drop":65,"minecraft:talked_to_villager":1,"minecraft:play_time":110637,"minecraft:deaths":22,"minecraft:sneak_time":3961,"minecraft:walk_under_water_one_cm":27890,"minecraft:boat_one_cm":1006,"minecraft:jump":793,"minecraft:walk_on_water_one_cm":17224,"minecraft:total_world_time":110637,"minecraft:interact_with_furnace":6,"enigmaticlegacy:play_time_without_seven_curses":109991,"minecraft:time_since_rest":294,"minecraft:damage_taken":9876,"minecraft:damage_absorbed":246,"minecraft:damage_dealt":5572,"minecraft:swim_one_cm":17959,"minecraft:fly_one_cm":206511,"minecraft:player_kills":8,"minecraft:crouch_one_cm":16759,"minecraft:interact_with_smoker":1,"minecraft:fall_one_cm":17338,"minecraft:inspect_dispenser":1},"minecraft:killed_by":{"minecraft:iron_golem":1,"minecraft:drowned":2,"alexsmobs:cachalot_whale":1,"minecraft:vindicator":1,"minecraft:skeleton":3,"minecraft:phantom":5,"minecraft:zombie":7},"minecraft:dropped":{"minecraft:iron_ingot":3,"minecraft:piston":8,"minecraft:porkchop":4,"minecraft:glass_bottle":1,"majruszsdifficulty:tattered_helmet":1,"minecraft:leather":10,"minecraft:apple":16,"undead_unleashed:grave_metal_scrap":5,"minecraft:golden_apple":2,"minecraft:stick":4,"minecraft:ink_sac":1,"immersive_armors:wooden_leggings":2,"forbidden_arcanus:spawner_scrap":1,"minecraft:wooden_sword":2,"immersive_armors:wooden_chestplate":1,"minecraft:string":12,"minecraft:gold_ingot":47,"minecraft:chiseled_quartz_block":7,"minecraft:bowl":4,"immersive_armors:wooden_boots":2,"minecraft:rotten_flesh":2,"enigmaticlegacy:tattered_tome":1,"iter_rpg:spawner_fragment":2,"minecraft:light_gray_concrete":6,"alexsmobs:cachalot_whale_tooth":1,"minecraft:carrot":23,"minecraft:suspicious_stew":2,"minecraft:sandstone_wall":1,"minecraft:leather_chestplate":2,"minecraft:turtle_helmet":1,"minecraft:trident":2,"aether:iron_gloves":1,"minecraft:spruce_planks":64,"minecraft:charcoal":15,"ecologics:coconut_husk":2,"apotheosis:gem":1,"minecraft:wooden_pickaxe":2,"immersive_armors:wooden_helmet":2}},"DataVersion":3120}