{"stats":{"minecraft:crafted":{"minecraft:spruce_boat":1,"sophisticatedbackpacks:iron_backpack":1,"minecraft:crafting_table":3,"minecraft:spruce_planks":60,"minecraft:wooden_pickaxe":1,"sophisticatedbackpacks:gold_backpack":1,"minecraft:iron_chestplate":1,"minecraft:iron_pickaxe":1,"minecraft:stick":8,"minecraft:wooden_axe":1},"minecraft:killed":{"aquaculture:red_grouper":1,"minecraft:vindicator":1,"minecraft:spider":8,"enemyexpansion:equestrian":1,"alexsmobs:seagull":1,"enemyexpansion:direwolf":1,"minecraft:skeleton":34,"alexsmobs:orca":2,"ecologics:coconut_crab":2,"minecraft:drowned":1,"minecraft:cat":1,"minecraft:magma_cube":2,"minecraft:husk":1,"humancompanions:axeguard":1,"minecraft:pig":4,"alexsmobs:grizzly_bear":2,"enemyexpansion:tarantula":1,"minecraft:iron_golem":1,"iter_rpg:spiderling":3,"minecraft:creeper":2,"minecraft:polar_bear":2,"minecraft:trader_llama":2,"minecraft:pillager":7,"minecraft:zombie":13,"sons_of_sins:betrayed_guzzler":1,"alexsmobs:cachalot_whale":1,"minecraft:stray":2,"undead_unleashed:haunter":3,"iter_rpg:scallop":2},"minecraft:mined":{"minecraft:spruce_planks":5,"minecraft:grass_block":1,"iter_rpg:big_vase":2,"minecraft:spruce_leaves":4,"minecraft:black_stained_glass_pane":2,"minecraft:redstone_ore":2,"forbidden_arcanus:deepslate_arcane_crystal_ore":2,"minecraft:fire":7,"minecraft:deepslate_lapis_ore":3,"minecraft:deepslate_iron_ore":2,"minecraft:light_gray_concrete":4,"minecraft:gray_concrete":2,"galosphere:deepslate_silver_ore":1,"undead_unleashed:ancient_dirt":1,"minecraft:chiseled_quartz_block":8,"undead_unleashed:grave_soil":1,"minecraft:deepslate_gold_ore":11,"supplementaries:urn":4,"minecraft:repeater":1,"forbidden_arcanus:xpetrified_ore":4,"minecraft:light_gray_stained_glass":3,"minecraft:ice":1,"minecraft:magenta_bed":1,"minecraft:spruce_log":15,"minecraft:stone_brick_stairs":4,"minecraft:grass":1,"iter_rpg:spider_egg":1,"minecraft:dirt":1,"minecraft:smooth_quartz":2,"minecraft:sand":2,"minecraft:sandstone_wall":1,"minecraft:deepslate":12},"minecraft:used":{"minecraft:trident":17,"minecraft:spruce_planks":43,"minecraft:iron_chestplate":1,"minecraft:dirt":2,"minecraft:spruce_boat":2,"minecraft:wooden_axe":18,"minecraft:iron_axe":15,"simplyswords:iron_longsword":32,"minecraft:smooth_quartz":1,"minecraft:cooked_beef":17,"minecraft:cobbled_deepslate":4,"minecraft:wooden_pickaxe":25,"minecraft:tnt":1,"minecraft:crafting_table":3,"minecraft:cake":1,"farmersdelight:bacon_and_eggs":3,"relics:horse_flute":18,"minecraft:iron_pickaxe":43,"minecraft:suspicious_stew":1,"minecraft:spruce_sapling":4,"ecologics:coconut_slice":2,"alexsmobs:tendon_whip":12,"minecraft:wooden_sword":54,"sons_of_sins:flesh_of_demise":1,"minecraft:potion":1,"minecraft:bucket":2,"alexsmobs:animal_dictionary":1},"minecraft:picked_up":{"iter_rpg:spawner_fragment":2,"minecraft:charcoal":15,"minecraft:chainmail_boots":1,"minecraft:suspicious_stew":3,"minecraft:turtle_helmet":2,"minecraft:lead":1,"minecraft:wooden_pickaxe":1,"aether:iron_gloves":1,"enigmaticlegacy:tattered_tome":1,"forbidden_arcanus:xpetrified_orb":4,"minecraft:string":17,"minecraft:iron_axe":1,"minecraft:wooden_sword":1,"minecraft:iron_leggings":1,"darkerdepths:dry_sprouts":1,"minecraft:cobbled_deepslate":9,"bosses_of_mass_destruction:soul_star":1,"minecraft:spruce_planks":84,"undead_unleashed:grave_metal_sword":1,"immersive_armors:wooden_leggings":1,"minecraft:iron_nugget":12,"minecraft:poppy":1,"minecraft:smooth_quartz":1,"farmersdelight:ratatouille":16,"minecraft:tipped_arrow":2,"minecraft:raw_iron":2,"apotheosis:gem":6,"ecologics:coconut_slice":2,"minecraft:bowl":1,"minecraft:spruce_fence":1,"minecraft:porkchop":8,"minecraft:sandstone_wall":1,"minecraft:trident":3,"minecraft:carrot":16,"minecraft:redstone":10,"immersive_armors:wooden_helmet":1,"minecraft:arrow":22,"minecraft:rotten_flesh":12,"minecraft:pumpkin_pie":12,"aether:chainmail_gloves":1,"minecraft:gold_ingot":12,"supplementaries:ash":9,"twigs:tangerine_seashell":1,"forbidden_arcanus:spawner_scrap":1,"minecraft:leather_chestplate":2,"minecraft:leather":18,"minecraft:chiseled_quartz_block":7,"majruszsdifficulty:tattered_helmet":1,"alexsmobs:cachalot_whale_tooth":1,"minecraft:magenta_bed":1,"minecraft:lapis_lazuli":19,"minecraft:dirt":2,"minecraft:lantern":1,"minecraft:bone":20,"minecraft:raw_gold":11,"minecraft:iron_ingot":33,"galosphere:raw_silver":1,"twigs:twig":8,"irons_spellbooks:frozen_bone":6,"undead_unleashed:grave_metal_scrap":10,"minecraft:spruce_sapling":4,"minecraft:ink_sac":1,"minecraft:spruce_log":15,"minecraft:leather_helmet":1,"farmersdelight:bacon_and_eggs":16,"sons_of_sins:flesh_of_demise":1,"forbidden_arcanus:arcane_crystal":2,"minecraft:light_gray_concrete":6,"minecraft:spruce_boat":2,"immersive_armors:wooden_chestplate":1,"minecraft:golden_apple":1,"minecraft:bread":27,"minecraft:emerald":2,"cisco_mod:brightsteel_ingot":2,"immersive_armors:wooden_boots":1,"majruszsdifficulty:tattered_chestplate":1,"minecolonies:supplycampdeployer":1},"minecraft:broken":{"immersive_armors:wooden_chestplate":1,"minecraft:trident":1},"minecraft:custom":{"enigmaticlegacy:play_time_with_seven_curses":0,"lootr:looted_stat":40,"minecraft:mob_kills":108,"minecraft:inspect_hopper":1,"minecraft:interact_with_crafting_table":14,"minecraft:damage_dealt_resisted":2265,"minecraft:eat_cake_slice":1,"minecraft:time_since_death":18929,"minecraft:climb_one_cm":10553,"minecraft:damage_resisted":0,"minecraft:sprint_one_cm":254389,"minecraft:walk_one_cm":445195,"minecraft:drop":74,"minecraft:talked_to_villager":4,"minecraft:play_time":146637,"minecraft:deaths":25,"minecraft:sneak_time":5019,"minecraft:walk_under_water_one_cm":28186,"minecraft:boat_one_cm":1006,"minecraft:jump":1240,"minecraft:walk_on_water_one_cm":19418,"minecraft:total_world_time":146637,"minecraft:interact_with_furnace":8,"enigmaticlegacy:play_time_without_seven_curses":145911,"minecraft:time_since_rest":18954,"minecraft:damage_taken":11341,"minecraft:damage_absorbed":246,"minecraft:damage_dealt":8772,"minecraft:swim_one_cm":17959,"minecraft:fly_one_cm":283107,"minecraft:player_kills":9,"minecraft:open_chest":2,"minecraft:crouch_one_cm":19049,"minecraft:interact_with_smoker":1,"minecraft:fall_one_cm":29115,"minecraft:inspect_dispenser":1},"minecraft:killed_by":{"humancompanions:axeguard":1,"minecraft:iron_golem":1,"minecraft:drowned":2,"alexsmobs:cachalot_whale":1,"minecraft:vindicator":1,"minecraft:skeleton":4,"minecraft:phantom":5,"minecraft:zombie":7},"minecraft:dropped":{"minecraft:water_bucket":1,"minecraft:iron_ingot":3,"minecraft:bread":27,"minecraft:piston":8,"minecraft:porkchop":8,"minecraft:glass_bottle":1,"majruszsdifficulty:tattered_helmet":1,"minecraft:leather":10,"minecraft:apple":16,"darkerdepths:dry_sprouts":1,"undead_unleashed:grave_metal_scrap":7,"minecraft:golden_apple":2,"minecraft:stick":4,"minecraft:ink_sac":1,"immersive_armors:wooden_leggings":2,"forbidden_arcanus:spawner_scrap":1,"minecraft:wooden_sword":2,"immersive_armors:wooden_chestplate":1,"minecraft:string":12,"minecraft:gold_ingot":47,"minecraft:chiseled_quartz_block":7,"minecraft:bowl":4,"immersive_armors:wooden_boots":2,"minecraft:rotten_flesh":9,"enigmaticlegacy:tattered_tome":1,"iter_rpg:spawner_fragment":2,"minecraft:light_gray_concrete":6,"alexsmobs:cachalot_whale_tooth":1,"minecraft:carrot":23,"minecraft:suspicious_stew":2,"minecraft:sandstone_wall":1,"cisco_mod:brightsteel_ingot":1,"minecraft:leather_chestplate":2,"minecraft:turtle_helmet":1,"minecraft:trident":2,"aether:chainmail_gloves":1,"aether:iron_gloves":1,"minecraft:spruce_planks":64,"minecraft:charcoal":15,"ecologics:coconut_husk":2,"apotheosis:gem":1,"minecraft:wooden_pickaxe":2,"immersive_armors:wooden_helmet":2}},"DataVersion":3120}