{"stats":{"minecraft:crafted":{"minecraft:crafting_table":3,"minecraft:spruce_planks":60,"minecraft:wooden_pickaxe":1,"sophisticatedbackpacks:gold_backpack":1,"minecraft:stick":8,"minecraft:wooden_axe":1,"minecraft:spruce_boat":1,"sophisticatedbackpacks:iron_backpack":1},"minecraft:killed":{"minecraft:cat":1,"minecraft:magma_cube":2,"minecraft:husk":1,"minecraft:pig":2,"aquaculture:red_grouper":1,"alexsmobs:grizzly_bear":2,"enemyexpansion:equestrian":1,"minecraft:spider":1,"minecraft:vindicator":1,"enemyexpansion:direwolf":1,"minecraft:creeper":2,"minecraft:polar_bear":2,"minecraft:skeleton":14,"alexsmobs:orca":2,"minecraft:pillager":4,"minecraft:zombie":5,"alexsmobs:cachalot_whale":1,"minecraft:stray":2,"undead_unleashed:haunter":2},"minecraft:mined":{"minecraft:spruce_planks":4,"minecraft:gray_concrete":2,"undead_unleashed:ancient_dirt":1,"minecraft:chiseled_quartz_block":8,"undead_unleashed:grave_soil":1,"minecraft:spruce_leaves":4,"minecraft:black_stained_glass_pane":2,"minecraft:repeater":1,"minecraft:light_gray_stained_glass":3,"minecraft:ice":1,"minecraft:magenta_bed":1,"minecraft:spruce_log":15,"minecraft:stone_brick_stairs":4,"minecraft:light_gray_concrete":4,"minecraft:smooth_quartz":2,"minecraft:sandstone_wall":1},"minecraft:used":{"minecraft:spruce_planks":25,"minecraft:wooden_pickaxe":25,"minecraft:tnt":1,"minecraft:crafting_table":3,"minecraft:spruce_boat":2,"farmersdelight:bacon_and_eggs":3,"minecraft:wooden_axe":18,"minecraft:iron_axe":4,"minecraft:spruce_sapling":4,"alexsmobs:tendon_whip":1,"minecraft:wooden_sword":54,"minecraft:potion":1,"alexsmobs:animal_dictionary":1,"minecraft:cooked_beef":3},"minecraft:picked_up":{"iter_rpg:spawner_fragment":1,"minecraft:charcoal":10,"minecraft:leather":12,"minecraft:chiseled_quartz_block":7,"minecraft:wooden_pickaxe":1,"majruszsdifficulty:tattered_helmet":1,"alexsmobs:cachalot_whale_tooth":1,"enigmaticlegacy:tattered_tome":1,"minecraft:magenta_bed":1,"minecraft:string":17,"minecraft:lantern":1,"minecraft:wooden_sword":1,"minecraft:bone":16,"minecraft:spruce_planks":83,"minecraft:iron_ingot":11,"twigs:twig":8,"farmersdelight:ratatouille":16,"minecraft:tipped_arrow":2,"apotheosis:gem":2,"irons_spellbooks:frozen_bone":6,"minecraft:sandstone_wall":1,"minecraft:porkchop":4,"undead_unleashed:grave_metal_scrap":5,"minecraft:spruce_sapling":4,"minecraft:ink_sac":1,"minecraft:spruce_log":15,"farmersdelight:bacon_and_eggs":16,"minecraft:light_gray_concrete":3,"minecraft:arrow":13,"minecraft:rotten_flesh":3,"minecraft:spruce_boat":1,"immersive_armors:wooden_chestplate":1,"minecraft:golden_apple":1,"minecraft:gold_ingot":12,"minecraft:emerald":1,"majruszsdifficulty:tattered_chestplate":1,"forbidden_arcanus:spawner_scrap":1,"minecolonies:supplycampdeployer":1},"minecraft:custom":{"enigmaticlegacy:play_time_with_seven_curses":0,"lootr:looted_stat":15,"minecraft:interact_with_furnace":6,"minecraft:mob_kills":47,"minecraft:inspect_hopper":1,"enigmaticlegacy:play_time_without_seven_curses":74521,"minecraft:interact_with_crafting_table":9,"minecraft:damage_dealt_resisted":559,"minecraft:time_since_death":165,"minecraft:damage_resisted":0,"minecraft:climb_one_cm":8643,"minecraft:time_since_rest":191,"minecraft:sprint_one_cm":100665,"minecraft:walk_one_cm":185203,"minecraft:damage_taken":1886,"minecraft:damage_absorbed":66,"minecraft:drop":31,"minecraft:damage_dealt":3397,"minecraft:swim_one_cm":17558,"minecraft:fly_one_cm":126477,"minecraft:player_kills":7,"minecraft:crouch_one_cm":15049,"minecraft:play_time":74637,"minecraft:deaths":4,"minecraft:sneak_time":3473,"minecraft:walk_under_water_one_cm":10887,"minecraft:boat_one_cm":1006,"minecraft:jump":496,"minecraft:walk_on_water_one_cm":4746,"minecraft:total_world_time":74637,"minecraft:interact_with_smoker":1,"minecraft:fall_one_cm":8283,"minecraft:inspect_dispenser":1},"minecraft:killed_by":{"minecraft:skeleton":1,"minecraft:drowned":2,"alexsmobs:cachalot_whale":1},"minecraft:dropped":{"minecraft:iron_ingot":3,"minecraft:chiseled_quartz_block":7,"minecraft:glass_bottle":1,"minecraft:bowl":2,"majruszsdifficulty:tattered_helmet":1,"enigmaticlegacy:tattered_tome":1,"minecraft:leather":8,"minecraft:apple":5,"iter_rpg:spawner_fragment":1,"undead_unleashed:grave_metal_scrap":5,"alexsmobs:cachalot_whale_tooth":1,"minecraft:golden_apple":2,"minecraft:stick":4,"minecraft:ink_sac":1,"minecraft:spruce_planks":64,"minecraft:charcoal":5,"forbidden_arcanus:spawner_scrap":1,"minecraft:wooden_sword":2,"minecraft:wooden_pickaxe":2,"immersive_armors:wooden_chestplate":1,"minecraft:string":12,"minecraft:gold_ingot":42}},"DataVersion":3120}