{"stats":{"minecraft:picked_up":{"minecolonies:supplycampdeployer":1,"irons_spellbooks:scroll":1,"minecraft:wheat":2,"minecraft:chainmail_boots":2,"minecraft:suspicious_stew":3,"minecraft:lead":1,"aether:iron_gloves":1,"forbidden_arcanus:xpetrified_orb":4,"minecraft:string":22,"apotheosis:epic_material":1,"minecraft:iron_leggings":1,"minecraft:experience_bottle":4,"minecraft:zombie_head":1,"irons_spellbooks:arcane_essence":2,"darkerdepths:dry_sprouts":17,"minecraft:cobbled_deepslate":33,"bosses_of_mass_destruction:soul_star":2,"minecraft:spruce_planks":84,"undead_unleashed:grave_metal_sword":2,"minecraft:smooth_quartz":1,"farmersdelight:ratatouille":16,"minecraft:tipped_arrow":2,"minecraft:stick":1,"apotheosis:gem":10,"minecraft:torch":12,"minecraft:sandstone_wall":1,"minecraft:porkchop":8,"minecraft:stone_sword":2,"minecraft:rotten_flesh":28,"aether:chainmail_gloves":1,"iter_rpg:gobsteel_scrap":2,"supplementaries:ash":14,"twigs:tangerine_seashell":1,"minecraft:cobblestone":1,"majruszsaccessories:tool_scraps":2,"minecraft:leather_chestplate":8,"ars_nouveau:source_berry":20,"minecraft:chiseled_quartz_block":7,"minecraft:magenta_bed":1,"minecraft:wither_skeleton_skull":1,"minecraft:lapis_lazuli":48,"minecraft:dirt":2,"minecraft:lantern":1,"aquamirae:fin":2,"minecraft:name_tag":2,"minecraft:leather_boots":3,"minecraft:bone":36,"majruszsaccessories:miner_guide":1,"minecraft:raw_gold":28,"galosphere:raw_silver":1,"twigs:twig":8,"irons_spellbooks:frozen_bone":6,"iter_rpg:spider_silk":3,"minecraft:ink_sac":1,"sons_of_sins:flesh_of_demise":1,"enigmaticlegacy:earth_heart":1,"minecraft:light_gray_concrete":6,"minecraft:spruce_boat":4,"iter_rpg:abyssquartz_shard":5,"minecraft:golden_apple":1,"minecraft:bread":35,"minecraft:emerald":2,"cisco_mod:brightsteel_ingot":2,"sophisticatedbackpacks:gold_backpack":1,"iter_rpg:spawner_fragment":4,"minecraft:charcoal":15,"majruszsdifficulty:tattered_boots":2,"byg:soapstone":3,"minecraft:turtle_helmet":2,"minecraft:wooden_pickaxe":2,"enigmaticlegacy:tattered_tome":1,"minecraft:iron_axe":1,"minecraft:wooden_sword":1,"iter_rpg:coin":1,"immersive_armors:wooden_leggings":1,"minecraft:iron_nugget":14,"minecraft:poppy":1,"minecraft:chest":1,"minecraft:raw_iron":10,"ecologics:coconut_slice":2,"minecraft:bowl":5,"sophisticatedbackpacks:backpack":1,"minecraft:spruce_fence":1,"minecraft:trident":3,"minecraft:carrot":16,"minecraft:redstone":38,"minecraft:prismarine_crystals":3,"immersive_armors:wooden_helmet":1,"minecraft:arrow":34,"minecraft:stone_shovel":1,"minecraft:pumpkin_pie":12,"minecraft:gold_ingot":12,"forbidden_arcanus:spawner_scrap":2,"minecraft:bone_block":10,"minecraft:leather":19,"twilightforest:steeleaf_leggings":1,"majruszsdifficulty:tattered_helmet":1,"alexsmobs:cachalot_whale_tooth":1,"savage_and_ravage:creeper_spores":3,"minecraft:gunpowder":9,"iter_rpg:potsherd":6,"minecraft:iron_ingot":33,"minecraft:cobweb":6,"apotheosis:gem_dust":1,"minecraft:book":1,"undead_unleashed:grave_metal_scrap":14,"minecraft:spruce_sapling":4,"minecraft:spruce_log":15,"minecraft:leather_helmet":4,"minecraft:spider_eye":12,"farmersdelight:bacon_and_eggs":16,"forbidden_arcanus:arcane_crystal":2,"immersive_armors:wooden_chestplate":1,"undead_unleashed:grave_metal_axe":1,"majruszsdifficulty:tattered_chestplate":1,"immersive_armors:wooden_boots":1,"minecraft:coal":22},"minecraft:mined":{"minecraft:spruce_planks":5,"minecraft:grass_block":1,"minecraft:spawner":2,"minecraft:smooth_stone":1,"minecraft:fire":18,"minecraft:cobbled_deepslate":3,"minecraft:deepslate_lapis_ore":7,"minecraft:light_gray_concrete":4,"minecraft:deepslate_redstone_ore":5,"undead_unleashed:ancient_dirt":1,"minecraft:chiseled_quartz_block":8,"undead_unleashed:grave_soil":1,"minecraft:chain":1,"minecraft:repeater":1,"forbidden_arcanus:darkstone":2,"minecraft:light_gray_stained_glass":3,"minecraft:magenta_bed":1,"minecraft:stone_brick_stairs":4,"minecraft:grass":4,"delightful:mini_melon":1,"minecraft:dirt":1,"minecraft:sand":2,"minecraft:smooth_quartz":2,"minecraft:sandstone_wall":1,"vinery:apple_leaves":1,"minecraft:deepslate":58,"minecraft:tuff":7,"minecraft:spruce_leaves":4,"iter_rpg:big_vase":4,"minecraft:black_stained_glass_pane":2,"minecraft:redstone_ore":2,"forbidden_arcanus:deepslate_arcane_crystal_ore":2,"iter_rpg:small_vase":1,"minecraft:vine":1,"minecraft:deepslate_iron_ore":2,"minecraft:stone":1,"minecraft:pink_terracotta":1,"minecraft:gray_concrete":2,"minecraft:glass_pane":2,"galosphere:deepslate_silver_ore":1,"iter_rpg:vase":1,"minecraft:lapis_ore":1,"minecraft:deepslate_gold_ore":26,"supplementaries:urn":8,"forbidden_arcanus:xpetrified_ore":4,"iter_rpg:abyss_quartz":2,"minecraft:ice":1,"minecraft:spruce_log":15,"iter_rpg:spider_egg":1,"minecraft:cobweb":1,"minecraft:cracked_stone_bricks":1},"minecraft:broken":{"minecraft:iron_chestplate":1,"immersive_armors:wooden_chestplate":1,"minecraft:trident":1,"minecraft:leather_chestplate":3},"minecraft:used":{"minecraft:shield":3,"minecraft:iron_chestplate":1,"minecraft:skeleton_spawn_egg":2,"minecraft:obsidian":7,"minecraft:spruce_boat":3,"minecraft:lava_bucket":7,"simplyswords:iron_longsword":45,"ars_nouveau:source_berry":22,"minecraft:wooden_pickaxe":47,"minecraft:creeper_spawn_egg":2,"relics:horse_flute":18,"farmersdelight:ratatouille":1,"easy_villagers:villager":1,"savage_and_ravage:creeper_spores":2,"minecraft:string":3,"ecologics:coconut_slice":2,"minecraft:wooden_sword":54,"sons_of_sins:flesh_of_demise":1,"forbidden_arcanus:splash_aureal_bottle":2,"minecraft:cobweb":10,"minecraft:experience_bottle":1,"minecraft:trident":17,"minecraft:flint_and_steel":19,"minecraft:redstone":4,"minecraft:silverfish_spawn_egg":1,"minecraft:spruce_planks":43,"minecraft:torch":1,"minecraft:dirt":2,"farmersdelight:rope":1,"minecraft:wooden_axe":18,"minecraft:iron_axe":17,"minecraft:smooth_quartz":1,"minecraft:cooked_beef":33,"minecraft:cobbled_deepslate":17,"minecraft:water_bucket":14,"minecraft:tnt":1,"minecraft:crafting_table":3,"minecraft:cake":1,"delightful:mini_melon":1,"farmersdelight:bacon_and_eggs":16,"minecraft:suspicious_stew":1,"minecraft:iron_pickaxe":128,"minecraft:spruce_sapling":4,"alexsmobs:tendon_whip":31,"minecraft:cobblestone":1,"minecraft:potion":1,"minecraft:bucket":23,"alexsmobs:animal_dictionary":1},"minecraft:dropped":{"minecraft:piston":8,"minecraft:porkchop":8,"minecraft:glass_bottle":1,"majruszsdifficulty:tattered_helmet":1,"minecraft:leather":11,"undead_unleashed:grave_metal_scrap":10,"minecraft:leather_helmet":3,"savage_and_ravage:creeper_spores":1,"immersive_armors:wooden_leggings":2,"majruszsdifficulty:tattered_boots":1,"minecraft:wooden_sword":2,"immersive_armors:wooden_chestplate":1,"minecraft:gold_ingot":68,"minecraft:bone":2,"minecraft:iron_nugget":2,"minecraft:cobbled_deepslate":17,"minecraft:wheat":2,"immersive_armors:wooden_boots":2,"minecraft:rotten_flesh":18,"enigmaticlegacy:tattered_tome":1,"iter_rpg:spawner_fragment":3,"alexsmobs:cachalot_whale_tooth":1,"minecraft:carrot":23,"iter_rpg:abyssquartz_shard":4,"minecraft:sandstone_wall":1,"cisco_mod:brightsteel_ingot":1,"minecraft:leather_chestplate":5,"minecraft:turtle_helmet":1,"minecraft:trident":2,"minecraft:gunpowder":3,"minecraft:charcoal":15,"apotheosis:gem":1,"minecraft:leather_boots":3,"ecologics:coconut_husk":2,"minecraft:chainmail_boots":2,"iter_rpg:spider_silk":3,"minecraft:arrow":1,"minecraft:water_bucket":1,"minecraft:iron_ingot":3,"minecraft:bread":27,"minecraft:prismarine_crystals":3,"minecraft:apple":16,"darkerdepths:dry_sprouts":17,"minecraft:coal":22,"minecraft:golden_apple":4,"minecraft:stick":5,"irons_spellbooks:scroll":1,"minecraft:cobweb":6,"minecraft:ink_sac":1,"byg:soapstone":1,"forbidden_arcanus:spawner_scrap":2,"minecraft:string":15,"iter_rpg:potsherd":6,"minecraft:redstone":3,"minecraft:chiseled_quartz_block":7,"minecraft:stone_sword":1,"minecraft:bowl":20,"majruszsaccessories:tool_scraps":1,"majruszsaccessories:miner_guide":2,"sophisticatedbackpacks:backpack":1,"minecraft:light_gray_concrete":6,"undead_unleashed:grave_metal_sword":2,"minecraft:suspicious_stew":2,"minecraft:spruce_boat":1,"aether:iron_gloves":1,"aether:chainmail_gloves":1,"minecraft:spruce_planks":64,"minecraft:spider_eye":9,"minecraft:wooden_pickaxe":2,"minecraft:raw_gold":16,"immersive_armors:wooden_helmet":2,"ars_nouveau:warp_scroll":1,"apotheosis:gem_dust":1},"minecraft:crafted":{"minecraft:crafting_table":3,"minecraft:spruce_planks":60,"minecraft:wooden_pickaxe":1,"minecraft:iron_chestplate":1,"minecraft:stick":8,"minecraft:iron_ingot":20,"minecraft:iron_pickaxe":1,"minecraft:gold_ingot":15,"minecraft:spruce_boat":1,"sophisticatedbackpacks:iron_backpack":1,"sophisticatedbackpacks:gold_backpack":1,"minecraft:air":0,"minecraft:wooden_axe":1},"minecraft:killed_by":{"minecraft:creeper":1,"minecraft:drowned":2,"enemyexpansion:huntsman":1,"alexsmobs:cachalot_whale":1,"undead_unleashed:frenzied_knight":1,"minecraft:vindicator":1,"minecraft:zombie":7,"majruszsdifficulty:cursed_armor":8,"humancompanions:axeguard":1,"minecraft:iron_golem":1,"savage_and_ravage:creepie":1,"iter_rpg:spiderling":1,"minecraft:skeleton":6,"minecraft:phantom":5,"enemyexpansion:ladybug":1},"minecraft:custom":{"enigmaticlegacy:play_time_with_seven_curses":0,"lootr:looted_stat":51,"minecraft:interact_with_crafting_table":14,"goblintraders:trade_with_goblin":15,"minecraft:eat_cake_slice":1,"minecraft:leave_game":1,"minecraft:time_since_death":60282,"minecraft:damage_resisted":106,"minecraft:sprint_one_cm":485532,"minecraft:damage_blocked_by_shield":185,"minecraft:drop":164,"minecraft:talked_to_villager":9,"minecraft:play_time":278421,"minecraft:deaths":41,"minecraft:jump":2529,"minecraft:walk_on_water_one_cm":57773,"minecraft:interact_with_furnace":8,"minecraft:sleep_in_bed":2,"minecraft:damage_dealt":10863,"minecraft:player_kills":14,"minecraft:crouch_one_cm":28656,"minecraft:interact_with_smoker":1,"minecraft:inspect_dispenser":1,"minecraft:mob_kills":281,"minecraft:inspect_hopper":1,"minecraft:damage_dealt_resisted":4683,"minecraft:climb_one_cm":10725,"minecraft:walk_one_cm":893690,"minecraft:sneak_time":12608,"minecraft:walk_under_water_one_cm":43005,"minecraft:boat_one_cm":1006,"minecraft:total_world_time":278421,"enigmaticlegacy:play_time_without_seven_curses":276506,"minecraft:time_since_rest":8117,"minecraft:damage_taken":19503,"minecraft:damage_absorbed":304,"minecraft:swim_one_cm":21095,"minecraft:fly_one_cm":443306,"minecraft:open_chest":2,"minecraft:aviate_one_cm":10756,"minecraft:fall_one_cm":51718},"minecraft:killed":{"iter_rpg:goblin":5,"minecraft:cave_spider":2,"minecraft:witch":1,"aquaculture:red_grouper":1,"minecraft:spider":17,"enemyexpansion:equestrian":3,"minecraft:shulker":1,"minecraft:skeleton":56,"alexsmobs:orca":2,"minecraft:bee":1,"ecologics:coconut_crab":2,"minecraft:silverfish":3,"irons_spellbooks:summoned_skeleton":2,"enemyexpansion:vampflyer":2,"minecraft:cat":1,"minecraft:magma_cube":2,"minecraft:pig":4,"alexsmobs:grizzly_bear":2,"enemyexpansion:ladybug":3,"enemyexpansion:tarantula":3,"minecraft:iron_golem":1,"iter_rpg:spiderling":9,"irons_spellbooks:necromancer":1,"minecraft:creeper":17,"minecraft:trader_llama":2,"minecraft:pillager":7,"enemyexpansion:meature":1,"minecraft:zombie":42,"alexsmobs:cachalot_whale":1,"minecraft:stray":3,"enemyexpansion:botfly":8,"undead_unleashed:haunter":4,"minecraft:vindicator":2,"quark:toretoise":1,"alexsmobs:seagull":1,"enemyexpansion:direwolf":2,"enemyexpansion:goblin_fear":2,"minecraft:drowned":1,"iter_rpg:hobgoblin":1,"enemyexpansion:goblin":7,"minecraft:husk":1,"humancompanions:axeguard":1,"aquamirae:maw":1,"ars_nouveau:drygmy":1,"enemyexpansion:troll":1,"enemyexpansion:sprinter":2,"majruszsdifficulty:cursed_armor":16,"minecraft:polar_bear":2,"enemyexpansion:crawler":1,"sons_of_sins:betrayed_guzzler":1,"alexsmobs:cockroach":1,"iter_rpg:goblin_warrior":3,"enemyexpansion:huntsman":1,"iter_rpg:giant_spider":2,"iter_rpg:scallop":2,"enemyexpansion:slugger":1}},"DataVersion":3120}