{"stats":{"minecraft:crafted":{"minecraft:spruce_boat":1,"sophisticatedbackpacks:iron_backpack":1,"minecraft:crafting_table":3,"minecraft:spruce_planks":60,"minecraft:wooden_pickaxe":1,"sophisticatedbackpacks:gold_backpack":1,"minecraft:air":0,"minecraft:iron_ingot":20,"minecraft:iron_chestplate":1,"minecraft:iron_pickaxe":1,"minecraft:stick":8,"minecraft:wooden_axe":1,"minecraft:gold_ingot":15},"minecraft:killed":{"minecraft:cave_spider":2,"minecraft:witch":1,"aquaculture:red_grouper":1,"minecraft:vindicator":1,"minecraft:spider":15,"enemyexpansion:equestrian":1,"quark:toretoise":1,"alexsmobs:seagull":1,"enemyexpansion:direwolf":2,"enemyexpansion:goblin_fear":2,"minecraft:shulker":1,"minecraft:skeleton":50,"alexsmobs:orca":2,"ecologics:coconut_crab":2,"minecraft:silverfish":3,"minecraft:drowned":1,"enemyexpansion:goblin":5,"enemyexpansion:vampflyer":1,"minecraft:cat":1,"minecraft:magma_cube":2,"minecraft:husk":1,"humancompanions:axeguard":1,"minecraft:pig":4,"alexsmobs:grizzly_bear":2,"enemyexpansion:ladybug":3,"enemyexpansion:tarantula":2,"minecraft:iron_golem":1,"enemyexpansion:troll":1,"iter_rpg:spiderling":9,"majruszsdifficulty:cursed_armor":5,"irons_spellbooks:necromancer":1,"minecraft:creeper":14,"minecraft:polar_bear":2,"enemyexpansion:crawler":1,"minecraft:trader_llama":2,"minecraft:pillager":7,"alexsmobs:cockroach":1,"enemyexpansion:huntsman":1,"minecraft:zombie":37,"sons_of_sins:betrayed_guzzler":1,"alexsmobs:cachalot_whale":1,"iter_rpg:giant_spider":2,"enemyexpansion:botfly":3,"minecraft:stray":3,"undead_unleashed:haunter":3,"iter_rpg:scallop":2,"enemyexpansion:slugger":1},"minecraft:mined":{"minecraft:tuff":5,"minecraft:spruce_planks":5,"minecraft:grass_block":1,"iter_rpg:big_vase":4,"minecraft:spruce_leaves":4,"minecraft:spawner":1,"minecraft:black_stained_glass_pane":2,"minecraft:redstone_ore":2,"forbidden_arcanus:deepslate_arcane_crystal_ore":2,"iter_rpg:small_vase":1,"minecraft:cobbled_deepslate":3,"minecraft:fire":17,"minecraft:deepslate_lapis_ore":6,"minecraft:deepslate_iron_ore":2,"minecraft:light_gray_concrete":4,"minecraft:gray_concrete":2,"galosphere:deepslate_silver_ore":1,"undead_unleashed:ancient_dirt":1,"minecraft:chiseled_quartz_block":8,"undead_unleashed:grave_soil":1,"minecraft:lapis_ore":1,"minecraft:deepslate_gold_ore":25,"supplementaries:urn":5,"forbidden_arcanus:darkstone":2,"iter_rpg:abyss_quartz":1,"minecraft:repeater":1,"forbidden_arcanus:xpetrified_ore":4,"minecraft:light_gray_stained_glass":3,"minecraft:ice":1,"minecraft:magenta_bed":1,"minecraft:spruce_log":15,"minecraft:stone_brick_stairs":4,"minecraft:grass":1,"iter_rpg:spider_egg":1,"minecraft:dirt":1,"minecraft:smooth_quartz":2,"minecraft:sand":2,"minecraft:sandstone_wall":1,"minecraft:cobweb":1,"minecraft:cracked_stone_bricks":1,"minecraft:deepslate":29},"minecraft:used":{"minecraft:trident":17,"minecraft:flint_and_steel":19,"minecraft:redstone":4,"minecraft:silverfish_spawn_egg":1,"minecraft:spruce_planks":43,"minecraft:shield":3,"minecraft:iron_chestplate":1,"minecraft:torch":1,"minecraft:dirt":2,"minecraft:skeleton_spawn_egg":2,"minecraft:spruce_boat":3,"minecraft:wooden_axe":18,"minecraft:iron_axe":16,"simplyswords:iron_longsword":45,"minecraft:smooth_quartz":1,"ars_nouveau:source_berry":22,"minecraft:cooked_beef":33,"minecraft:cobbled_deepslate":16,"minecraft:water_bucket":14,"minecraft:wooden_pickaxe":25,"minecraft:tnt":1,"minecraft:crafting_table":3,"minecraft:cake":1,"minecraft:creeper_spawn_egg":2,"farmersdelight:bacon_and_eggs":4,"relics:horse_flute":18,"savage_and_ravage:creeper_spores":2,"minecraft:string":2,"minecraft:iron_pickaxe":95,"minecraft:suspicious_stew":1,"minecraft:spruce_sapling":4,"ecologics:coconut_slice":2,"alexsmobs:tendon_whip":23,"minecraft:wooden_sword":54,"sons_of_sins:flesh_of_demise":1,"minecraft:potion":1,"forbidden_arcanus:splash_aureal_bottle":1,"minecraft:bucket":15,"alexsmobs:animal_dictionary":1,"minecraft:cobweb":6,"minecraft:experience_bottle":1},"minecraft:picked_up":{"iter_rpg:spawner_fragment":2,"minecraft:charcoal":15,"minecraft:wheat":2,"byg:soapstone":3,"minecraft:chainmail_boots":2,"minecraft:suspicious_stew":3,"minecraft:turtle_helmet":2,"minecraft:lead":1,"minecraft:wooden_pickaxe":1,"aether:iron_gloves":1,"enigmaticlegacy:tattered_tome":1,"forbidden_arcanus:xpetrified_orb":4,"minecraft:string":20,"apotheosis:epic_material":1,"minecraft:iron_axe":1,"minecraft:wooden_sword":1,"minecraft:iron_leggings":1,"minecraft:zombie_head":1,"minecraft:experience_bottle":1,"irons_spellbooks:arcane_essence":2,"darkerdepths:dry_sprouts":17,"minecraft:cobbled_deepslate":20,"bosses_of_mass_destruction:soul_star":1,"minecraft:spruce_planks":84,"undead_unleashed:grave_metal_sword":2,"immersive_armors:wooden_leggings":1,"minecraft:iron_nugget":14,"minecraft:poppy":1,"minecraft:smooth_quartz":1,"minecraft:chest":1,"farmersdelight:ratatouille":16,"minecraft:tipped_arrow":2,"minecraft:raw_iron":10,"apotheosis:gem":6,"ecologics:coconut_slice":2,"minecraft:torch":7,"minecraft:bowl":1,"sophisticatedbackpacks:backpack":1,"minecraft:spruce_fence":1,"minecraft:porkchop":8,"minecraft:sandstone_wall":1,"minecraft:trident":3,"minecraft:carrot":16,"minecraft:redstone":17,"minecraft:prismarine_crystals":3,"minecraft:stone_shovel":1,"immersive_armors:wooden_helmet":1,"minecraft:arrow":32,"minecraft:rotten_flesh":27,"minecraft:pumpkin_pie":12,"aether:chainmail_gloves":1,"minecraft:gold_ingot":12,"supplementaries:ash":14,"twigs:tangerine_seashell":1,"forbidden_arcanus:spawner_scrap":1,"minecraft:bone_block":10,"minecraft:leather_chestplate":2,"ars_nouveau:source_berry":20,"minecraft:leather":18,"minecraft:chiseled_quartz_block":7,"majruszsdifficulty:tattered_helmet":1,"alexsmobs:cachalot_whale_tooth":1,"savage_and_ravage:creeper_spores":3,"minecraft:magenta_bed":1,"minecraft:gunpowder":6,"minecraft:wither_skeleton_skull":1,"minecraft:lapis_lazuli":48,"minecraft:dirt":2,"minecraft:lantern":1,"minecraft:name_tag":2,"minecraft:bone":30,"minecraft:raw_gold":26,"iter_rpg:potsherd":6,"minecraft:iron_ingot":33,"minecraft:cobweb":6,"galosphere:raw_silver":1,"twigs:twig":8,"apotheosis:gem_dust":1,"minecraft:book":1,"irons_spellbooks:frozen_bone":6,"minecraft:spider_eye":12,"iter_rpg:spider_silk":3,"undead_unleashed:grave_metal_scrap":12,"minecraft:spruce_sapling":4,"minecraft:ink_sac":1,"minecraft:spruce_log":15,"minecraft:leather_helmet":3,"farmersdelight:bacon_and_eggs":16,"sons_of_sins:flesh_of_demise":1,"enigmaticlegacy:earth_heart":1,"forbidden_arcanus:arcane_crystal":2,"minecraft:light_gray_concrete":6,"minecraft:spruce_boat":4,"iter_rpg:abyssquartz_shard":4,"immersive_armors:wooden_chestplate":1,"minecraft:golden_apple":1,"minecraft:bread":35,"minecraft:emerald":2,"majruszsdifficulty:tattered_boots":2,"minecraft:coal":22,"cisco_mod:brightsteel_ingot":2,"immersive_armors:wooden_boots":1,"majruszsdifficulty:tattered_chestplate":1,"minecolonies:supplycampdeployer":1},"minecraft:broken":{"immersive_armors:wooden_chestplate":1,"minecraft:trident":1},"minecraft:custom":{"enigmaticlegacy:play_time_with_seven_curses":0,"lootr:looted_stat":43,"minecraft:mob_kills":218,"minecraft:inspect_hopper":1,"minecraft:interact_with_crafting_table":14,"goblintraders:trade_with_goblin":15,"minecraft:damage_dealt_resisted":3989,"minecraft:eat_cake_slice":1,"minecraft:leave_game":1,"minecraft:time_since_death":2503,"minecraft:climb_one_cm":10553,"minecraft:damage_resisted":0,"minecraft:sprint_one_cm":380008,"minecraft:walk_one_cm":684058,"minecraft:damage_blocked_by_shield":185,"minecraft:drop":115,"minecraft:talked_to_villager":4,"minecraft:play_time":220642,"minecraft:deaths":41,"minecraft:sneak_time":9901,"minecraft:walk_under_water_one_cm":42751,"minecraft:boat_one_cm":1006,"minecraft:jump":2150,"minecraft:walk_on_water_one_cm":54329,"minecraft:total_world_time":220642,"minecraft:interact_with_furnace":8,"enigmaticlegacy:play_time_without_seven_curses":218727,"minecraft:time_since_rest":2529,"minecraft:damage_taken":17412,"minecraft:damage_absorbed":274,"minecraft:damage_dealt":10102,"minecraft:swim_one_cm":19367,"minecraft:fly_one_cm":386860,"minecraft:player_kills":10,"minecraft:open_chest":2,"minecraft:crouch_one_cm":23700,"minecraft:interact_with_smoker":1,"minecraft:fall_one_cm":46803,"minecraft:inspect_dispenser":1},"minecraft:killed_by":{"humancompanions:axeguard":1,"minecraft:creeper":1,"minecraft:iron_golem":1,"minecraft:drowned":2,"enemyexpansion:huntsman":1,"alexsmobs:cachalot_whale":1,"savage_and_ravage:creepie":1,"undead_unleashed:frenzied_knight":1,"iter_rpg:spiderling":1,"minecraft:vindicator":1,"minecraft:skeleton":6,"minecraft:phantom":5,"minecraft:zombie":7,"enemyexpansion:ladybug":1,"majruszsdifficulty:cursed_armor":8},"minecraft:dropped":{"minecraft:water_bucket":1,"minecraft:iron_ingot":3,"minecraft:bread":27,"minecraft:piston":8,"minecraft:porkchop":8,"minecraft:glass_bottle":1,"minecraft:prismarine_crystals":3,"majruszsdifficulty:tattered_helmet":1,"minecraft:leather":10,"minecraft:apple":16,"darkerdepths:dry_sprouts":17,"undead_unleashed:grave_metal_scrap":9,"minecraft:coal":22,"minecraft:leather_helmet":2,"minecraft:golden_apple":3,"minecraft:stick":4,"minecraft:ink_sac":1,"savage_and_ravage:creeper_spores":1,"immersive_armors:wooden_leggings":2,"byg:soapstone":1,"majruszsdifficulty:tattered_boots":1,"forbidden_arcanus:spawner_scrap":1,"minecraft:wooden_sword":2,"immersive_armors:wooden_chestplate":1,"minecraft:string":13,"minecraft:redstone":3,"iter_rpg:potsherd":6,"minecraft:gold_ingot":47,"minecraft:bone":2,"minecraft:iron_nugget":2,"minecraft:chiseled_quartz_block":7,"minecraft:cobbled_deepslate":6,"minecraft:bowl":4,"minecraft:wheat":2,"immersive_armors:wooden_boots":2,"minecraft:rotten_flesh":17,"enigmaticlegacy:tattered_tome":1,"iter_rpg:spawner_fragment":2,"undead_unleashed:grave_metal_sword":2,"minecraft:light_gray_concrete":6,"alexsmobs:cachalot_whale_tooth":1,"minecraft:carrot":23,"minecraft:suspicious_stew":2,"iter_rpg:abyssquartz_shard":4,"minecraft:sandstone_wall":1,"cisco_mod:brightsteel_ingot":1,"minecraft:leather_chestplate":2,"minecraft:spruce_boat":1,"minecraft:turtle_helmet":1,"minecraft:trident":2,"aether:chainmail_gloves":1,"aether:iron_gloves":1,"minecraft:spruce_planks":64,"minecraft:chainmail_boots":2,"minecraft:charcoal":15,"ecologics:coconut_husk":2,"apotheosis:gem":1,"minecraft:spider_eye":9,"iter_rpg:spider_silk":3,"minecraft:wooden_pickaxe":2,"minecraft:raw_gold":1,"immersive_armors:wooden_helmet":2,"apotheosis:gem_dust":1}},"DataVersion":3120}