{"stats":{"minecraft:crafted":{"minecraft:crafting_table":2,"minecraft:spruce_planks":60,"minecraft:wooden_pickaxe":1,"sophisticatedbackpacks:gold_backpack":1,"minecraft:stick":8,"minecraft:wooden_axe":1,"sophisticatedbackpacks:iron_backpack":1},"minecraft:killed":{"minecraft:cat":1,"minecraft:magma_cube":2,"minecraft:husk":1,"minecraft:pig":1,"minecraft:spider":1,"minecraft:vindicator":1,"minecraft:creeper":2,"minecraft:skeleton":14,"minecraft:pillager":4,"minecraft:zombie":2,"minecraft:stray":2,"undead_unleashed:haunter":2},"minecraft:mined":{"minecraft:spruce_planks":4,"minecraft:chiseled_quartz_block":4,"minecraft:spruce_leaves":4,"minecraft:magenta_bed":1,"minecraft:spruce_log":15,"minecraft:stone_brick_stairs":4,"minecraft:light_gray_concrete":4,"minecraft:smooth_quartz":2,"minecraft:sandstone_wall":1},"minecraft:used":{"minecraft:spruce_planks":19,"minecraft:wooden_pickaxe":15,"minecraft:crafting_table":2,"farmersdelight:bacon_and_eggs":3,"minecraft:wooden_axe":18,"minecraft:iron_axe":4,"minecraft:spruce_sapling":4,"alexsmobs:tendon_whip":1,"minecraft:wooden_sword":54,"minecraft:potion":1,"alexsmobs:animal_dictionary":1,"minecraft:cooked_beef":1},"minecraft:picked_up":{"iter_rpg:spawner_fragment":1,"minecraft:charcoal":10,"minecraft:leather":12,"minecraft:chiseled_quartz_block":4,"minecraft:wooden_pickaxe":1,"majruszsdifficulty:tattered_helmet":1,"alexsmobs:cachalot_whale_tooth":1,"enigmaticlegacy:tattered_tome":1,"minecraft:magenta_bed":1,"minecraft:string":17,"minecraft:lantern":1,"minecraft:wooden_sword":1,"minecraft:bone":15,"minecraft:spruce_planks":53,"minecraft:iron_ingot":11,"twigs:twig":8,"farmersdelight:ratatouille":16,"minecraft:tipped_arrow":2,"apotheosis:gem":2,"irons_spellbooks:frozen_bone":6,"minecraft:sandstone_wall":1,"minecraft:porkchop":3,"undead_unleashed:grave_metal_scrap":5,"minecraft:spruce_sapling":4,"minecraft:ink_sac":1,"minecraft:spruce_log":15,"farmersdelight:bacon_and_eggs":16,"minecraft:light_gray_concrete":3,"minecraft:arrow":13,"minecraft:rotten_flesh":3,"immersive_armors:wooden_chestplate":1,"minecraft:golden_apple":1,"minecraft:gold_ingot":12,"minecraft:emerald":1,"majruszsdifficulty:tattered_chestplate":1,"forbidden_arcanus:spawner_scrap":1},"minecraft:custom":{"enigmaticlegacy:play_time_with_seven_curses":0,"lootr:looted_stat":15,"minecraft:interact_with_furnace":3,"minecraft:mob_kills":33,"enigmaticlegacy:play_time_without_seven_curses":62580,"minecraft:interact_with_crafting_table":7,"minecraft:damage_dealt_resisted":0,"minecraft:time_since_death":19014,"minecraft:climb_one_cm":8093,"minecraft:time_since_rest":19038,"minecraft:sprint_one_cm":63511,"minecraft:walk_one_cm":144255,"minecraft:damage_taken":1236,"minecraft:damage_absorbed":66,"minecraft:drop":28,"minecraft:damage_dealt":3397,"minecraft:swim_one_cm":15918,"minecraft:fly_one_cm":59728,"minecraft:player_kills":6,"minecraft:crouch_one_cm":13519,"minecraft:play_time":62637,"minecraft:deaths":2,"minecraft:sneak_time":3002,"minecraft:walk_under_water_one_cm":6866,"minecraft:jump":285,"minecraft:walk_on_water_one_cm":3232,"minecraft:total_world_time":62637,"minecraft:interact_with_smoker":1,"minecraft:fall_one_cm":4233,"minecraft:inspect_dispenser":1},"minecraft:killed_by":{"minecraft:skeleton":1,"alexsmobs:cachalot_whale":1},"minecraft:dropped":{"minecraft:iron_ingot":3,"minecraft:glass_bottle":1,"minecraft:bowl":2,"majruszsdifficulty:tattered_helmet":1,"enigmaticlegacy:tattered_tome":1,"minecraft:leather":8,"minecraft:apple":5,"iter_rpg:spawner_fragment":1,"undead_unleashed:grave_metal_scrap":5,"alexsmobs:cachalot_whale_tooth":1,"minecraft:golden_apple":2,"minecraft:stick":4,"minecraft:ink_sac":1,"minecraft:spruce_planks":34,"minecraft:charcoal":5,"forbidden_arcanus:spawner_scrap":1,"minecraft:wooden_sword":2,"minecraft:wooden_pickaxe":1,"immersive_armors:wooden_chestplate":1,"minecraft:string":12,"minecraft:gold_ingot":42}},"DataVersion":3120}